Unix,Date,Symbol,Open,High,Low,Close,Volume,Volume USDT,tradecount
1759366800000,2025-10-02 01:00:00+00:00,AAVEUSDT,285.25,288.76,284.94,288.58,2685.5084898468367,774984.04,5685
1759370400000,2025-10-02 02:00:00+00:00,AAVEUSDT,288.58,289.2,286.68,288.35,2878.419171492977,829992.1681,7564
1759374000000,2025-10-02 03:00:00+00:00,AAVEUSDT,288.34,288.41,287.11,287.34,3411.623139103501,980295.79279,5327
1759377600000,2025-10-02 04:00:00+00:00,AAVEUSDT,287.34,288.21,286.03,287.23,1929.0389550882567,554077.85907,4928
1759381200000,2025-10-02 05:00:00+00:00,AAVEUSDT,287.22,288.36,286.76,287.15,1695.9467931046493,486991.12164,5161
1759384800000,2025-10-02 06:00:00+00:00,AAVEUSDT,287.15,289.09,286.87,287.99,3318.255066460641,955624.27659,6851
1759388400000,2025-10-02 07:00:00+00:00,AAVEUSDT,288.01,288.2,285.68,285.89,1962.5532633880166,561074.35247,4338
1759392000000,2025-10-02 08:00:00+00:00,AAVEUSDT,285.9,286.76,285.59,286.25,2890.9421991266377,827532.2045,4561
1759395600000,2025-10-02 09:00:00+00:00,AAVEUSDT,286.25,286.25,284.83,285.13,2494.6352757689474,711295.35618,5119
1759399200000,2025-10-02 10:00:00+00:00,AAVEUSDT,285.14,285.38,283.49,284.09,2648.91644690063,752530.6734,5304
1759402800000,2025-10-02 11:00:00+00:00,AAVEUSDT,284.09,284.48,282.65,282.96,3895.8649476251067,1102373.94558,6752
1759406400000,2025-10-02 12:00:00+00:00,AAVEUSDT,282.97,284.6,282.78,284.41,3087.3121024225584,878062.43505,5901
1759410000000,2025-10-02 13:00:00+00:00,AAVEUSDT,284.36,284.66,281.43,283.21,7661.636871579394,2169852.1784,13766
1759413600000,2025-10-02 14:00:00+00:00,AAVEUSDT,283.21,283.7,279.69,280.36,10552.757814666857,2958571.18092,15300
1759417200000,2025-10-02 15:00:00+00:00,AAVEUSDT,280.37,284.28,278.8,283.95,12706.050485508013,3607883.03536,19419
1759420800000,2025-10-02 16:00:00+00:00,AAVEUSDT,283.97,286.83,283.45,285.56,10543.206564189662,3010718.06647,15054
1759424400000,2025-10-02 17:00:00+00:00,AAVEUSDT,285.56,288.42,285.24,288.07,6676.127207657861,1923191.96471,9694
1759428000000,2025-10-02 18:00:00+00:00,AAVEUSDT,288.08,291.14,288.06,290.51,4305.47322684245,1250783.02713,9764
1759431600000,2025-10-02 19:00:00+00:00,AAVEUSDT,290.5,294.41,290.07,291.88,11566.880425517336,3376141.0586,12767
1759435200000,2025-10-02 20:00:00+00:00,AAVEUSDT,291.89,292.64,289.54,290.32,4453.695562413888,1292996.89568,7016
1759438800000,2025-10-02 21:00:00+00:00,AAVEUSDT,290.33,291.22,288.69,289.15,5506.441481238112,1592187.5543,4766
1759442400000,2025-10-02 22:00:00+00:00,AAVEUSDT,289.14,290.27,287.58,287.78,2560.849785843353,736961.35137,4133
1759446000000,2025-10-02 23:00:00+00:00,AAVEUSDT,287.79,289.22,287.39,288.98,1775.4843509239392,513079.46773,3252
1759453200000,2025-10-03 01:00:00+00:00,AAVEUSDT,287.77,289.18,287.39,288.29,2647.3744612022615,763211.58342,4933
1759456800000,2025-10-03 02:00:00+00:00,AAVEUSDT,288.29,291.94,287.99,291.33,3853.3261209281573,1122589.49881,6884
1759460400000,2025-10-03 03:00:00+00:00,AAVEUSDT,291.31,293.25,288.87,289.78,5379.356339740493,1558829.88013,9442
1759464000000,2025-10-03 04:00:00+00:00,AAVEUSDT,289.78,291.47,288.84,290.09,1378.0973978765212,399772.27415,4689
1759467600000,2025-10-03 05:00:00+00:00,AAVEUSDT,290.09,290.13,287.17,288.0,2916.8611042361113,840055.99802,4585
1759471200000,2025-10-03 06:00:00+00:00,AAVEUSDT,288.02,288.07,285.84,286.7,2395.2926028252527,686730.38923,4246
1759474800000,2025-10-03 07:00:00+00:00,AAVEUSDT,286.65,286.88,285.21,285.56,1799.461685600224,513854.27894,4056
1759478400000,2025-10-03 08:00:00+00:00,AAVEUSDT,285.55,285.88,284.01,285.8,2360.9365345346396,674755.66157,5463
1759482000000,2025-10-03 09:00:00+00:00,AAVEUSDT,285.81,286.16,284.76,285.65,1848.565382145983,528042.70141,4269
1759485600000,2025-10-03 10:00:00+00:00,AAVEUSDT,285.66,286.42,285.03,285.92,1487.2574552672074,425236.65161,3047
1759489200000,2025-10-03 11:00:00+00:00,AAVEUSDT,285.9,286.29,283.89,284.59,3533.163852313855,1005503.10073,4175
1759492800000,2025-10-03 12:00:00+00:00,AAVEUSDT,284.59,286.77,284.26,286.25,1623.2489395982534,464655.00896,4380
1759496400000,2025-10-03 13:00:00+00:00,AAVEUSDT,286.25,290.69,284.29,287.57,28386.316692074975,8163053.09114,19450
1759500000000,2025-10-03 14:00:00+00:00,AAVEUSDT,287.53,287.86,284.65,286.74,8291.004490095556,2377362.62749,11075
1759503600000,2025-10-03 15:00:00+00:00,AAVEUSDT,286.73,292.09,285.53,291.77,6370.422033245365,1858698.03664,10518
1759507200000,2025-10-03 16:00:00+00:00,AAVEUSDT,291.77,302.19,291.77,293.36,30109.295067357514,8832862.80096,26284
1759510800000,2025-10-03 17:00:00+00:00,AAVEUSDT,293.36,293.37,287.22,287.88,13074.97540308462,3764023.91904,24732
1759514400000,2025-10-03 18:00:00+00:00,AAVEUSDT,287.92,291.75,286.67,291.75,3872.8782055526995,1129912.21647,9044
1759518000000,2025-10-03 19:00:00+00:00,AAVEUSDT,291.76,292.86,290.72,291.23,2558.6693002437937,745161.26031,6299
1759521600000,2025-10-03 20:00:00+00:00,AAVEUSDT,291.25,292.91,289.76,292.16,2469.973492435651,721627.45555,5121
1759525200000,2025-10-03 21:00:00+00:00,AAVEUSDT,292.18,292.43,291.07,291.14,1269.0980662567838,369485.21101,2757
1759528800000,2025-10-03 22:00:00+00:00,AAVEUSDT,291.15,292.45,291.15,291.64,1042.1663057193803,303937.3814,3114
1759532400000,2025-10-03 23:00:00+00:00,AAVEUSDT,291.62,291.78,290.28,290.52,3541.779327171968,1028957.73013,4169
1759539600000,2025-10-04 01:00:00+00:00,AAVEUSDT,291.0,291.0,287.68,288.31,2142.828229301793,617798.80679,4825
1759543200000,2025-10-04 02:00:00+00:00,AAVEUSDT,288.31,289.08,287.32,288.34,1442.1828535062773,415839.00398,4508
1759546800000,2025-10-04 03:00:00+00:00,AAVEUSDT,288.31,288.4,286.56,287.03,2325.210422882626,667405.14768,4042
1759550400000,2025-10-04 04:00:00+00:00,AAVEUSDT,287.02,287.73,286.1,286.5,2167.849202059337,621088.79639,4376
1759554000000,2025-10-04 05:00:00+00:00,AAVEUSDT,286.51,287.4,285.83,286.5,2481.49478495637,710948.25589,4564
1759557600000,2025-10-04 06:00:00+00:00,AAVEUSDT,286.5,287.31,286.19,286.62,1154.3830659060777,330869.27435,3106
1759561200000,2025-10-04 07:00:00+00:00,AAVEUSDT,286.62,286.69,285.41,285.78,902.862145461544,258019.94393,2727
1759564800000,2025-10-04 08:00:00+00:00,AAVEUSDT,285.77,286.11,283.94,284.2,2881.930444722027,819044.63239,5018
1759568400000,2025-10-04 09:00:00+00:00,AAVEUSDT,284.22,285.34,283.69,283.88,1610.0274184514583,457054.58355,3685
1759572000000,2025-10-04 10:00:00+00:00,AAVEUSDT,283.88,284.95,282.71,282.98,2297.260131952788,650078.67214,4660
1759575600000,2025-10-04 11:00:00+00:00,AAVEUSDT,282.97,283.71,282.34,282.47,4898.83863808546,1383774.9501,15187
1759579200000,2025-10-04 12:00:00+00:00,AAVEUSDT,282.47,283.3,281.99,282.51,7567.805820324945,2137980.8223,12521
1759582800000,2025-10-04 13:00:00+00:00,AAVEUSDT,282.52,284.88,282.38,284.0,2526.0333416549297,717393.46903,5042
1759586400000,2025-10-04 14:00:00+00:00,AAVEUSDT,283.99,284.75,281.55,281.57,2183.9680609439924,614939.88692,4178
1759590000000,2025-10-04 15:00:00+00:00,AAVEUSDT,281.54,282.44,279.91,280.47,7198.4679900167575,2018954.31716,9632
1759593600000,2025-10-04 16:00:00+00:00,AAVEUSDT,280.48,281.98,280.2,281.73,2426.77722042381,683695.94631,5391
1759597200000,2025-10-04 17:00:00+00:00,AAVEUSDT,281.72,282.84,281.29,282.49,1506.7927530178058,425653.8848,3783
1759600800000,2025-10-04 18:00:00+00:00,AAVEUSDT,282.49,283.23,281.69,282.21,2216.030990822437,625386.10592,4032
1759604400000,2025-10-04 19:00:00+00:00,AAVEUSDT,282.24,283.42,282.24,283.02,985.0492979648081,278788.65231,2744
1759608000000,2025-10-04 20:00:00+00:00,AAVEUSDT,283.01,283.92,282.73,282.84,1341.2037518031398,379346.06916,3029
1759611600000,2025-10-04 21:00:00+00:00,AAVEUSDT,282.84,284.09,282.82,283.0,1040.1954836749117,294375.32188,1836
1759615200000,2025-10-04 22:00:00+00:00,AAVEUSDT,283.01,283.79,282.9,283.26,1375.0111106757045,389485.64721,2780
1759618800000,2025-10-04 23:00:00+00:00,AAVEUSDT,283.26,283.51,282.82,283.18,572.4360858817713,162102.4508,1814
1759626000000,2025-10-05 01:00:00+00:00,AAVEUSDT,281.18,282.68,281.18,282.4,1452.5194735481589,410191.49933,3919
1759629600000,2025-10-05 02:00:00+00:00,AAVEUSDT,282.39,286.88,281.95,286.8,5258.017064818689,1507999.29419,9498
1759633200000,2025-10-05 03:00:00+00:00,AAVEUSDT,286.8,289.4,286.66,287.65,6232.886516287155,1792889.80641,10614
1759636800000,2025-10-05 04:00:00+00:00,AAVEUSDT,287.66,291.91,286.57,290.96,8627.579772889745,2510280.61072,14242
1759640400000,2025-10-05 05:00:00+00:00,AAVEUSDT,290.98,292.47,290.0,290.55,2700.8992342453967,784746.27251,7939
1759644000000,2025-10-05 06:00:00+00:00,AAVEUSDT,290.56,290.99,289.38,289.88,1814.1517481371602,525886.30875,5101
1759647600000,2025-10-05 07:00:00+00:00,AAVEUSDT,289.88,293.69,289.88,293.53,3000.023184614861,880596.80538,7228
1759651200000,2025-10-05 08:00:00+00:00,AAVEUSDT,293.53,296.14,293.53,295.19,5467.072787628307,1613825.21618,12089
1759654800000,2025-10-05 09:00:00+00:00,AAVEUSDT,295.18,295.85,291.24,292.25,6509.415871548332,1902376.78846,15299
1759658400000,2025-10-05 10:00:00+00:00,AAVEUSDT,292.26,292.45,288.96,289.58,4171.685812763312,1208036.77766,10536
1759662000000,2025-10-05 11:00:00+00:00,AAVEUSDT,289.57,290.13,288.29,289.46,3404.3548053962554,985424.54197,7238
1759665600000,2025-10-05 12:00:00+00:00,AAVEUSDT,289.46,289.54,287.27,287.35,2856.6574839046457,820860.528,6041
1759669200000,2025-10-05 13:00:00+00:00,AAVEUSDT,287.35,288.22,286.99,287.48,2028.2240627174062,583073.85355,4347
1759672800000,2025-10-05 14:00:00+00:00,AAVEUSDT,287.48,289.53,287.38,288.73,4836.650010805943,1396485.95762,8667
1759676400000,2025-10-05 15:00:00+00:00,AAVEUSDT,288.72,292.22,288.4,290.32,9432.633722823091,2738482.22241,8719
1759680000000,2025-10-05 16:00:00+00:00,AAVEUSDT,290.33,291.53,287.81,289.95,3836.97918375582,1112532.11433,7586
1759683600000,2025-10-05 17:00:00+00:00,AAVEUSDT,289.95,291.27,285.92,286.63,4737.680449464467,1357961.34723,6940
1759687200000,2025-10-05 18:00:00+00:00,AAVEUSDT,286.62,287.85,285.56,287.09,3540.8640701870495,1016546.66591,5270
1759690800000,2025-10-05 19:00:00+00:00,AAVEUSDT,287.09,287.13,284.15,284.4,5138.294904887483,1461331.07095,6633
1759694400000,2025-10-05 20:00:00+00:00,AAVEUSDT,284.41,286.68,283.89,284.95,3284.7355660993157,935985.39956,6009
1759698000000,2025-10-05 21:00:00+00:00,AAVEUSDT,284.94,285.55,284.59,285.32,1718.744168372354,490392.08612,2479
1759701600000,2025-10-05 22:00:00+00:00,AAVEUSDT,285.35,286.23,284.49,285.46,1616.4990351713027,461445.81458,4476
1759705200000,2025-10-05 23:00:00+00:00,AAVEUSDT,285.47,286.3,285.4,285.67,956.8526138551475,273344.0862,2646
1759712400000,2025-10-06 01:00:00+00:00,AAVEUSDT,283.81,287.39,282.98,285.85,3076.5819998250827,879440.96465,7628
1759716000000,2025-10-06 02:00:00+00:00,AAVEUSDT,285.84,288.27,284.59,287.2,2931.670899233983,841975.88226,6686
1759719600000,2025-10-06 03:00:00+00:00,AAVEUSDT,287.18,288.37,286.83,287.96,1427.5752663564385,411084.5737,4141
1759723200000,2025-10-06 04:00:00+00:00,AAVEUSDT,287.96,288.02,286.03,286.16,2064.829751013419,590871.68155,3663
1759726800000,2025-10-06 05:00:00+00:00,AAVEUSDT,286.17,287.77,285.64,287.63,1748.013257726941,502781.05332,3906
1759730400000,2025-10-06 06:00:00+00:00,AAVEUSDT,287.63,291.05,287.56,290.07,7752.927432964458,2248891.66048,7768
1759734000000,2025-10-06 07:00:00+00:00,AAVEUSDT,290.07,291.49,287.36,288.78,3815.5383479119055,1101851.16411,7670
1759737600000,2025-10-06 08:00:00+00:00,AAVEUSDT,288.78,290.6,288.74,290.35,2239.7168725331494,650301.79394,5871
1759741200000,2025-10-06 09:00:00+00:00,AAVEUSDT,290.35,290.99,289.46,290.54,1533.2399480966474,445467.53452,4873
1759744800000,2025-10-06 10:00:00+00:00,AAVEUSDT,290.53,290.88,289.52,290.77,988.4963092134676,287425.07183,3926
1759748400000,2025-10-06 11:00:00+00:00,AAVEUSDT,290.75,292.03,289.92,290.32,1660.1655445715073,481979.2609,4733
1759752000000,2025-10-06 12:00:00+00:00,AAVEUSDT,290.3,294.24,290.12,293.4,5101.5492932515335,1496794.56264,10474
1759755600000,2025-10-06 13:00:00+00:00,AAVEUSDT,293.42,296.29,292.6,296.19,4735.368021337655,1402568.65424,13155
1759759200000,2025-10-06 14:00:00+00:00,AAVEUSDT,296.2,298.52,294.29,295.05,8375.992844297576,2471336.68871,15833
1759762800000,2025-10-06 15:00:00+00:00,AAVEUSDT,295.05,298.26,295.05,296.34,4222.344242592968,1251249.49285,10346
1759766400000,2025-10-06 16:00:00+00:00,AAVEUSDT,296.34,299.5,295.83,299.38,9304.15509957245,2785477.95371,12811
1759770000000,2025-10-06 17:00:00+00:00,AAVEUSDT,299.38,301.95,298.55,299.8,17848.659178952636,5351028.02185,15243
1759773600000,2025-10-06 18:00:00+00:00,AAVEUSDT,299.81,300.36,298.93,300.1,3172.2246346551146,951984.61286,6758
1759777200000,2025-10-06 19:00:00+00:00,AAVEUSDT,300.09,300.91,298.73,300.39,2949.7906457272215,886087.61207,6567
1759780800000,2025-10-06 20:00:00+00:00,AAVEUSDT,300.38,301.74,299.3,299.31,2239.093649259965,670183.12016,5974
1759784400000,2025-10-06 21:00:00+00:00,AAVEUSDT,299.33,299.57,297.84,299.41,3487.0552004609062,1044059.19757,4258
1759788000000,2025-10-06 22:00:00+00:00,AAVEUSDT,299.36,300.0,297.86,299.02,2698.569375660491,806926.21471,4195
1759791600000,2025-10-06 23:00:00+00:00,AAVEUSDT,299.03,299.38,297.13,297.15,2620.236106612822,778603.15908,5805
1759798800000,2025-10-07 01:00:00+00:00,AAVEUSDT,297.18,297.77,295.74,296.67,1359.2402728958102,403245.81176,4740
1759802400000,2025-10-07 02:00:00+00:00,AAVEUSDT,296.66,296.87,295.12,295.57,1779.5738527929088,525988.64367,4424
1759806000000,2025-10-07 03:00:00+00:00,AAVEUSDT,295.57,296.7,294.86,295.35,1473.7288558997798,435265.81759,3845
1759809600000,2025-10-07 04:00:00+00:00,AAVEUSDT,295.34,297.19,293.68,296.85,1893.1752844197404,561989.08318,5483
1759813200000,2025-10-07 05:00:00+00:00,AAVEUSDT,296.85,298.28,295.89,296.94,1907.716663063245,566477.38593,5670
1759816800000,2025-10-07 06:00:00+00:00,AAVEUSDT,296.96,297.63,292.29,292.39,8704.950829337527,2545240.57299,9176
1759820400000,2025-10-07 07:00:00+00:00,AAVEUSDT,292.39,293.19,291.29,292.23,3735.794323443862,1091711.17514,6392
1759824000000,2025-10-07 08:00:00+00:00,AAVEUSDT,292.22,292.22,288.25,289.79,5719.054296973671,1657324.74472,9844
1759827600000,2025-10-07 09:00:00+00:00,AAVEUSDT,289.81,290.57,289.17,290.24,3019.4727807331865,876371.77988,6177
1759831200000,2025-10-07 10:00:00+00:00,AAVEUSDT,290.21,292.5,289.78,290.83,2263.843271017433,658393.53851,6053
1759834800000,2025-10-07 11:00:00+00:00,AAVEUSDT,290.82,291.79,290.4,291.21,2527.858589059442,736137.69972,5410
1759838400000,2025-10-07 12:00:00+00:00,AAVEUSDT,291.21,292.1,288.82,292.06,8576.951120831336,2504984.34435,9760
1759842000000,2025-10-07 13:00:00+00:00,AAVEUSDT,292.06,292.67,286.73,288.72,11322.808187932944,3269121.18002,17495
1759845600000,2025-10-07 14:00:00+00:00,AAVEUSDT,288.72,288.98,281.85,281.88,18870.385008265926,5319184.12613,20757
1759849200000,2025-10-07 15:00:00+00:00,AAVEUSDT,281.89,282.69,277.57,279.04,21762.888700150514,6072716.46289,24594
1759852800000,2025-10-07 16:00:00+00:00,AAVEUSDT,279.06,281.97,276.85,280.11,10233.142708578773,2866405.6041,12801
1759856400000,2025-10-07 17:00:00+00:00,AAVEUSDT,280.11,280.77,279.06,279.38,5773.3450975731985,1612957.15336,9320
1759860000000,2025-10-07 18:00:00+00:00,AAVEUSDT,279.39,279.45,276.81,276.81,4611.050022976049,1276384.75686,6668
1759863600000,2025-10-07 19:00:00+00:00,AAVEUSDT,276.81,278.45,276.41,276.91,4930.098472283413,1365193.56796,7274
1759867200000,2025-10-07 20:00:00+00:00,AAVEUSDT,276.89,279.08,276.75,277.98,2720.089859486294,756130.57914,5221
1759870800000,2025-10-07 21:00:00+00:00,AAVEUSDT,277.98,278.72,276.74,277.65,2433.709018080317,675719.30887,3419
1759874400000,2025-10-07 22:00:00+00:00,AAVEUSDT,277.66,278.51,276.57,277.55,1308.2319757521166,363099.78487,4018
1759878000000,2025-10-07 23:00:00+00:00,AAVEUSDT,277.55,277.74,275.46,276.13,3257.74943483142,899562.35144,5908
1759885200000,2025-10-08 01:00:00+00:00,AAVEUSDT,278.07,279.23,277.27,278.54,2413.8092257844473,672342.42175,5739
1759888800000,2025-10-08 02:00:00+00:00,AAVEUSDT,278.54,279.82,278.09,278.5,1609.696234470377,448300.4013,4819
1759892400000,2025-10-08 03:00:00+00:00,AAVEUSDT,278.48,278.48,274.67,275.53,2882.8348201284803,794307.47799,7919
1759896000000,2025-10-08 04:00:00+00:00,AAVEUSDT,275.53,277.66,274.6,277.2,2156.4099453823956,597756.83686,6647
1759899600000,2025-10-08 05:00:00+00:00,AAVEUSDT,277.21,277.23,275.25,276.76,2680.4059800549217,741829.15904,5947
1759903200000,2025-10-08 06:00:00+00:00,AAVEUSDT,276.76,277.82,276.07,276.92,949.6825883648706,262986.10237,4272
1759906800000,2025-10-08 07:00:00+00:00,AAVEUSDT,276.93,278.63,276.33,278.56,1023.5075602024699,285108.26597,5180
1759910400000,2025-10-08 08:00:00+00:00,AAVEUSDT,278.59,279.8,277.87,278.34,1324.4144626715529,368637.52154,5598
1759914000000,2025-10-08 09:00:00+00:00,AAVEUSDT,278.34,279.06,277.32,279.06,904.4501481401849,252395.85834,4141
1759917600000,2025-10-08 10:00:00+00:00,AAVEUSDT,279.07,281.3,278.84,280.94,1816.9420604755464,510451.70247,5950
1759921200000,2025-10-08 11:00:00+00:00,AAVEUSDT,280.95,281.27,279.27,280.05,2167.996149937511,607147.32179,5439
1759924800000,2025-10-08 12:00:00+00:00,AAVEUSDT,280.04,281.21,279.36,280.65,2504.379295029396,702854.04915,5974
1759928400000,2025-10-08 13:00:00+00:00,AAVEUSDT,280.66,281.19,278.28,280.88,2976.0921539803476,835924.76421,8730
1759932000000,2025-10-08 14:00:00+00:00,AAVEUSDT,280.87,284.16,279.67,280.1,4395.397406104962,1231150.81345,16236
1759935600000,2025-10-08 15:00:00+00:00,AAVEUSDT,280.09,280.88,278.04,278.16,1945.0801977638766,541043.50781,9103
1759939200000,2025-10-08 16:00:00+00:00,AAVEUSDT,278.17,281.21,277.69,281.17,2482.760117082192,698077.66212,8556
1759942800000,2025-10-08 17:00:00+00:00,AAVEUSDT,281.16,285.95,280.88,285.5,4369.417280350263,1247468.63354,14913
1759946400000,2025-10-08 18:00:00+00:00,AAVEUSDT,285.51,286.4,283.02,283.52,3306.0256305375283,937324.38677,12087
1759950000000,2025-10-08 19:00:00+00:00,AAVEUSDT,283.5,284.83,282.45,284.05,3479.443414786129,988335.90197,8169
1759953600000,2025-10-08 20:00:00+00:00,AAVEUSDT,284.05,285.67,283.82,284.09,2535.394662712521,720280.26973,6333
1759957200000,2025-10-08 21:00:00+00:00,AAVEUSDT,284.1,286.67,284.08,285.76,1646.9736775965846,470639.19811,2930
1759960800000,2025-10-08 22:00:00+00:00,AAVEUSDT,285.76,287.26,284.88,285.55,3450.5032478375065,985291.20242,6354
1759964400000,2025-10-08 23:00:00+00:00,AAVEUSDT,285.55,286.79,285.11,285.46,1072.3997525047293,306127.23335,4416
1759971600000,2025-10-09 01:00:00+00:00,AAVEUSDT,284.81,284.92,283.1,283.96,2628.087415445838,746271.70249,8450
1759975200000,2025-10-09 02:00:00+00:00,AAVEUSDT,283.95,283.95,278.75,279.37,3723.391023839353,1040203.75033,12194
1759978800000,2025-10-09 03:00:00+00:00,AAVEUSDT,279.37,282.55,279.22,282.16,2322.358209101219,655276.59228,7487
1759982400000,2025-10-09 04:00:00+00:00,AAVEUSDT,282.15,283.91,281.88,282.88,1518.7788365384615,429632.15728,5916
1759986000000,2025-10-09 05:00:00+00:00,AAVEUSDT,282.89,283.37,281.04,281.5,2060.7503659680287,580101.22802,5691
1759989600000,2025-10-09 06:00:00+00:00,AAVEUSDT,281.51,281.88,280.0,280.22,2064.352635500678,578472.89552,5317
1759993200000,2025-10-09 07:00:00+00:00,AAVEUSDT,280.2,280.82,278.88,279.63,2377.0198856345887,664686.07062,6396
1759996800000,2025-10-09 08:00:00+00:00,AAVEUSDT,279.64,279.92,273.17,273.35,8159.841047192243,2230492.55025,16750
1760000400000,2025-10-09 09:00:00+00:00,AAVEUSDT,273.35,275.9,273.25,275.29,3555.7868266555265,978872.55551,10985
1760004000000,2025-10-09 10:00:00+00:00,AAVEUSDT,275.29,276.53,273.74,275.16,2639.9283039685997,726402.67212,8210
1760007600000,2025-10-09 11:00:00+00:00,AAVEUSDT,275.16,276.53,274.91,274.96,3188.482417988071,876705.12565,7887
1760011200000,2025-10-09 12:00:00+00:00,AAVEUSDT,274.96,276.51,272.88,275.46,10613.732652871562,2923658.79656,20537
1760014800000,2025-10-09 13:00:00+00:00,AAVEUSDT,275.45,275.87,273.27,273.49,4612.604833741636,1261501.29598,17039
1760018400000,2025-10-09 14:00:00+00:00,AAVEUSDT,273.5,275.01,270.34,273.0,6211.001875494505,1695603.51201,20693
1760022000000,2025-10-09 15:00:00+00:00,AAVEUSDT,273.01,274.38,270.3,271.1,3611.1475651420137,978982.10491,11348
1760025600000,2025-10-09 16:00:00+00:00,AAVEUSDT,271.08,271.85,268.56,268.75,5160.956966288372,1387007.18469,12487
1760029200000,2025-10-09 17:00:00+00:00,AAVEUSDT,268.74,272.75,268.54,272.7,3823.488202383572,1042665.23279,11504
1760032800000,2025-10-09 18:00:00+00:00,AAVEUSDT,272.69,273.63,271.26,271.32,3150.455420499779,854781.56469,8079
1760036400000,2025-10-09 19:00:00+00:00,AAVEUSDT,271.33,272.81,271.29,271.94,1090.8973434948884,296658.62359,4979
1760040000000,2025-10-09 20:00:00+00:00,AAVEUSDT,271.94,273.03,271.6,272.06,1182.477847754172,321704.92326,4622
1760043600000,2025-10-09 21:00:00+00:00,AAVEUSDT,272.05,273.62,271.76,272.89,891.8650500567995,243381.05351,2353
1760047200000,2025-10-09 22:00:00+00:00,AAVEUSDT,272.9,275.66,272.2,275.12,2173.9362992512356,598093.35465,5370
1760050800000,2025-10-09 23:00:00+00:00,AAVEUSDT,275.13,275.22,273.16,273.7,1863.538037084399,510050.36075,3674
1760058000000,2025-10-10 01:00:00+00:00,AAVEUSDT,274.08,275.64,273.97,275.06,2402.1042878644657,660722.80542,4347
1760061600000,2025-10-10 02:00:00+00:00,AAVEUSDT,275.06,275.92,273.71,274.2,1121.1894476294676,307430.14654,4889
1760065200000,2025-10-10 03:00:00+00:00,AAVEUSDT,274.21,279.57,273.12,276.81,6250.544566236769,1730213.24138,12639
1760068800000,2025-10-10 04:00:00+00:00,AAVEUSDT,276.81,278.51,275.43,276.17,2165.5608824999094,598062.94892,7641
1760072400000,2025-10-10 05:00:00+00:00,AAVEUSDT,276.18,277.84,274.56,277.59,1732.743596959545,480992.29508,7138
1760076000000,2025-10-10 06:00:00+00:00,AAVEUSDT,277.59,278.09,273.68,274.62,2445.700541657563,671638.28275,7781
1760079600000,2025-10-10 07:00:00+00:00,AAVEUSDT,274.62,274.96,273.42,273.79,2156.69701891961,590482.07681,7726
1760083200000,2025-10-10 08:00:00+00:00,AAVEUSDT,273.79,276.2,273.37,276.05,2204.917627458794,608667.51106,8083
1760086800000,2025-10-10 09:00:00+00:00,AAVEUSDT,276.02,276.9,274.35,275.24,1787.4774025940997,491985.28029,6561
1760090400000,2025-10-10 10:00:00+00:00,AAVEUSDT,275.25,277.5,275.05,277.25,1816.935734283138,503745.43233,5950
1760094000000,2025-10-10 11:00:00+00:00,AAVEUSDT,277.25,277.67,275.91,277.3,2220.6558984493327,615787.88064,6118
1760097600000,2025-10-10 12:00:00+00:00,AAVEUSDT,277.29,278.27,276.67,278.27,1682.2391773816796,468116.69589,5189
1760101200000,2025-10-10 13:00:00+00:00,AAVEUSDT,278.27,279.63,277.26,278.74,3282.0051455478224,914826.11427,13408
1760104800000,2025-10-10 14:00:00+00:00,AAVEUSDT,278.72,279.6,273.04,273.61,7896.978559190088,2160692.30358,20012
1760108400000,2025-10-10 15:00:00+00:00,AAVEUSDT,273.62,273.77,262.62,264.43,24078.679230949587,6367125.14904,56066
1760112000000,2025-10-10 16:00:00+00:00,AAVEUSDT,264.42,267.66,263.24,264.96,10996.946729770532,2913751.00552,26399
1760115600000,2025-10-10 17:00:00+00:00,AAVEUSDT,264.97,265.35,261.33,262.29,8476.84372057646,2223391.33947,22553
1760119200000,2025-10-10 18:00:00+00:00,AAVEUSDT,262.3,263.35,260.37,260.64,6018.647397329651,1568700.25764,15130
1760122800000,2025-10-10 19:00:00+00:00,AAVEUSDT,260.65,261.48,255.5,258.03,12760.280514126265,3292535.18106,32756
1760126400000,2025-10-10 20:00:00+00:00,AAVEUSDT,258.03,260.15,243.17,245.63,32107.399641004762,7886540.57382,40718
1760130000000,2025-10-10 21:00:00+00:00,AAVEUSDT,245.62,280.0,79.51,219.55,134542.05999986336,29538709.27297,225639
1760133600000,2025-10-10 22:00:00+00:00,AAVEUSDT,219.56,239.0,199.69,221.28,93274.16995173536,20639708.32692,100586
1760137200000,2025-10-10 23:00:00+00:00,AAVEUSDT,221.27,236.1,217.33,224.45,49922.480565203834,11205100.76286,46904
1760144400000,2025-10-11 01:00:00+00:00,AAVEUSDT,228.01,228.06,217.12,218.87,43027.732250331246,9417479.75763,42663
1760148000000,2025-10-11 02:00:00+00:00,AAVEUSDT,218.8,235.43,218.8,233.88,38596.02844899093,9026839.13365,36305
1760151600000,2025-10-11 03:00:00+00:00,AAVEUSDT,233.88,234.43,225.26,227.84,38998.19572792311,8885348.91465,36176
1760155200000,2025-10-11 04:00:00+00:00,AAVEUSDT,227.85,233.96,227.22,233.96,33088.34676162592,7741349.60835,41953
1760158800000,2025-10-11 05:00:00+00:00,AAVEUSDT,234.0,234.83,228.79,232.32,32387.625389204546,7524293.13042,31729
1760162400000,2025-10-11 06:00:00+00:00,AAVEUSDT,232.33,236.68,231.54,233.78,29550.912628667975,6908412.35433,22761
1760166000000,2025-10-11 07:00:00+00:00,AAVEUSDT,233.82,235.67,231.02,231.88,18993.966493746768,4404320.95057,13228
1760169600000,2025-10-11 08:00:00+00:00,AAVEUSDT,231.87,238.96,230.87,238.55,17885.539452190318,4266595.43632,17102
1760173200000,2025-10-11 09:00:00+00:00,AAVEUSDT,238.54,242.21,238.45,239.86,27239.63118048028,6533697.93495,40648
1760176800000,2025-10-11 10:00:00+00:00,AAVEUSDT,239.85,244.74,239.85,241.74,31814.51400388847,7690840.6153,40617
1760180400000,2025-10-11 11:00:00+00:00,AAVEUSDT,241.76,243.0,237.2,242.23,28620.279813359204,6932690.37919,35123
1760184000000,2025-10-11 12:00:00+00:00,AAVEUSDT,242.23,245.14,236.23,237.21,22030.858245942414,5225939.88452,32393
1760187600000,2025-10-11 13:00:00+00:00,AAVEUSDT,237.19,237.38,233.05,235.96,11157.370784412611,2632693.21029,26004
1760191200000,2025-10-11 14:00:00+00:00,AAVEUSDT,235.96,236.46,230.76,235.47,12638.714469274219,2976038.09608,19812
1760194800000,2025-10-11 15:00:00+00:00,AAVEUSDT,235.47,240.0,235.39,238.94,11964.580779191429,2858816.93138,18297
1760198400000,2025-10-11 16:00:00+00:00,AAVEUSDT,238.94,241.89,238.28,240.88,10735.859398870807,2586053.812,18167
1760202000000,2025-10-11 17:00:00+00:00,AAVEUSDT,240.89,241.57,237.59,239.3,17465.050182908482,4179386.50877,24873
1760205600000,2025-10-11 18:00:00+00:00,AAVEUSDT,239.3,239.31,236.92,237.52,18843.859090602895,4475793.4112,21926
1760209200000,2025-10-11 19:00:00+00:00,AAVEUSDT,237.52,237.52,229.25,231.39,14988.379652793985,3468161.16786,27355
1760212800000,2025-10-11 20:00:00+00:00,AAVEUSDT,231.38,232.06,225.0,226.62,30703.23709337216,6957967.5901,40755
1760216400000,2025-10-11 21:00:00+00:00,AAVEUSDT,226.64,230.57,222.85,229.85,14566.967027887755,3348217.37136,15522
1760220000000,2025-10-11 22:00:00+00:00,AAVEUSDT,229.85,232.67,229.62,232.15,7069.663340081844,1641222.3444,16363
1760223600000,2025-10-11 23:00:00+00:00,AAVEUSDT,232.15,234.52,231.49,234.38,7353.717618056148,1723564.33532,13702
1760230800000,2025-10-12 01:00:00+00:00,AAVEUSDT,228.31,230.17,226.55,226.93,4103.538847926673,931216.07076,17293
1760234400000,2025-10-12 02:00:00+00:00,AAVEUSDT,226.92,229.45,225.23,226.62,5201.5301878033715,1178770.77116,18797
1760238000000,2025-10-12 03:00:00+00:00,AAVEUSDT,226.62,231.94,226.18,229.48,5142.047182368834,1179996.98741,19912
1760241600000,2025-10-12 04:00:00+00:00,AAVEUSDT,229.47,234.4,229.08,232.17,4364.779371408882,1013370.82666,15474
1760245200000,2025-10-12 05:00:00+00:00,AAVEUSDT,232.16,233.33,231.53,231.95,3427.782857469282,795074.23379,10938
1760248800000,2025-10-12 06:00:00+00:00,AAVEUSDT,231.96,234.39,231.58,233.24,5457.177110701423,1272831.9893,11343
1760252400000,2025-10-12 07:00:00+00:00,AAVEUSDT,233.25,233.94,231.71,233.69,2202.963951217425,514810.64576,7636
1760256000000,2025-10-12 08:00:00+00:00,AAVEUSDT,233.69,234.99,230.78,230.84,3147.3869283486397,726542.79854,9279
1760259600000,2025-10-12 09:00:00+00:00,AAVEUSDT,230.83,232.41,228.89,231.7,4864.947604963315,1127208.36007,11791
1760263200000,2025-10-12 10:00:00+00:00,AAVEUSDT,231.7,232.73,228.79,228.82,3744.4158876846427,856797.24342,10925
1760266800000,2025-10-12 11:00:00+00:00,AAVEUSDT,228.82,230.63,228.67,229.3,3311.073509071086,759229.15563,8059
1760270400000,2025-10-12 12:00:00+00:00,AAVEUSDT,229.31,234.08,229.23,232.35,5327.871286034,1237930.89331,12640
1760274000000,2025-10-12 13:00:00+00:00,AAVEUSDT,232.39,232.98,227.51,228.83,4771.401347769087,1091839.77041,15283
1760277600000,2025-10-12 14:00:00+00:00,AAVEUSDT,228.81,242.05,228.57,237.75,15873.581113901157,3773943.90983,42850
1760281200000,2025-10-12 15:00:00+00:00,AAVEUSDT,237.75,245.5,237.15,245.25,23466.383563751275,5755130.56901,62874
1760284800000,2025-10-12 16:00:00+00:00,AAVEUSDT,245.25,251.5,245.24,249.81,28996.17201805372,7243533.73183,56723
1760288400000,2025-10-12 17:00:00+00:00,AAVEUSDT,249.79,252.76,248.76,251.59,17319.153490997258,4357325.8268,31717
1760292000000,2025-10-12 18:00:00+00:00,AAVEUSDT,251.59,253.43,250.71,252.44,15308.005755466645,3864352.97291,19117
1760295600000,2025-10-12 19:00:00+00:00,AAVEUSDT,252.45,256.37,252.43,254.77,27278.501806806136,6949743.90532,20182
1760299200000,2025-10-12 20:00:00+00:00,AAVEUSDT,254.77,255.36,250.95,252.45,36131.860974173105,9121488.30293,22707
1760302800000,2025-10-12 21:00:00+00:00,AAVEUSDT,252.44,254.34,247.9,252.53,6811.565401536452,1720124.61085,8337
1760306400000,2025-10-12 22:00:00+00:00,AAVEUSDT,252.54,254.27,251.08,253.31,4191.8791485531565,1061844.90712,17402
1760310000000,2025-10-12 23:00:00+00:00,AAVEUSDT,253.28,253.28,250.39,250.99,4624.787610382884,1160775.44233,15074
1760317200000,2025-10-13 01:00:00+00:00,AAVEUSDT,248.34,251.79,246.99,251.74,5818.401810955747,1464724.47189,20538
1760320800000,2025-10-13 02:00:00+00:00,AAVEUSDT,251.72,252.61,249.07,249.54,4242.56755117416,1058690.30672,12903
1760324400000,2025-10-13 03:00:00+00:00,AAVEUSDT,249.58,250.47,247.43,248.31,2805.7337924368735,696691.758,11888
1760328000000,2025-10-13 04:00:00+00:00,AAVEUSDT,248.32,249.58,246.66,249.27,2586.471681830946,644729.79613,9688
1760331600000,2025-10-13 05:00:00+00:00,AAVEUSDT,249.27,250.23,247.76,248.28,3965.484292331239,984550.4401,13019
1760335200000,2025-10-13 06:00:00+00:00,AAVEUSDT,248.28,253.35,246.93,252.25,5081.82865839445,1281891.27908,17535
1760338800000,2025-10-13 07:00:00+00:00,AAVEUSDT,252.24,255.81,251.59,252.85,5673.121955665414,1434448.88649,18864
1760342400000,2025-10-13 08:00:00+00:00,AAVEUSDT,252.83,255.39,251.91,254.38,3906.719720732762,993791.36256,12820
1760346000000,2025-10-13 09:00:00+00:00,AAVEUSDT,254.39,254.67,251.64,254.1,3217.8842163715076,817664.37938,10010
1760349600000,2025-10-13 10:00:00+00:00,AAVEUSDT,254.07,254.41,251.79,253.37,11421.929386786123,2893974.24873,13935
1760353200000,2025-10-13 11:00:00+00:00,AAVEUSDT,253.37,253.37,244.25,247.68,11359.04738812177,2813408.85709,31324
1760356800000,2025-10-13 12:00:00+00:00,AAVEUSDT,247.68,250.39,245.95,246.92,9482.767452049247,2341484.93926,22456
1760360400000,2025-10-13 13:00:00+00:00,AAVEUSDT,246.91,254.41,246.49,252.63,15222.496885524284,3845659.38819,45779
1760364000000,2025-10-13 14:00:00+00:00,AAVEUSDT,252.62,253.38,246.27,247.22,9712.31705493083,2401079.02232,37925
1760367600000,2025-10-13 15:00:00+00:00,AAVEUSDT,247.24,252.95,247.2,252.32,6268.23830588142,1581601.88934,21762
1760371200000,2025-10-13 16:00:00+00:00,AAVEUSDT,252.35,254.55,250.57,253.16,9956.174605703904,2520505.16318,23006
1760374800000,2025-10-13 17:00:00+00:00,AAVEUSDT,253.18,258.0,252.47,257.72,6829.08821209064,1759992.61402,25747
1760378400000,2025-10-13 18:00:00+00:00,AAVEUSDT,257.71,258.69,255.6,257.96,4243.157483253218,1094564.90438,18906
1760382000000,2025-10-13 19:00:00+00:00,AAVEUSDT,257.96,261.52,257.08,260.51,5433.351818010825,1415442.48211,17495
1760385600000,2025-10-13 20:00:00+00:00,AAVEUSDT,260.53,262.83,259.62,262.62,3307.4587150635903,868604.80775,10360
1760389200000,2025-10-13 21:00:00+00:00,AAVEUSDT,262.62,262.99,259.81,260.44,2746.7800833589313,715371.40491,5299
1760392800000,2025-10-13 22:00:00+00:00,AAVEUSDT,260.44,262.26,260.28,262.01,1686.9145345215832,441988.47719,6046
1760396400000,2025-10-13 23:00:00+00:00,AAVEUSDT,262.01,262.49,259.93,261.12,2958.4830109911154,772519.08383,8339
1760403600000,2025-10-14 01:00:00+00:00,AAVEUSDT,260.6,263.65,259.36,261.51,6212.798414095063,1624708.91327,20668
1760407200000,2025-10-14 02:00:00+00:00,AAVEUSDT,261.51,261.66,256.62,257.14,5266.736388582095,1354288.59496,15670
1760410800000,2025-10-14 03:00:00+00:00,AAVEUSDT,257.14,257.27,253.45,254.38,5412.572704693765,1376850.24462,15983
1760414400000,2025-10-14 04:00:00+00:00,AAVEUSDT,254.39,254.92,249.16,250.75,5085.804628075773,1275265.51049,19260
1760418000000,2025-10-14 05:00:00+00:00,AAVEUSDT,250.74,253.56,247.34,248.55,11950.431858096963,2970279.83833,26209
1760421600000,2025-10-14 06:00:00+00:00,AAVEUSDT,248.54,250.09,239.46,243.86,26220.631906421717,6394163.2967,50836
1760425200000,2025-10-14 07:00:00+00:00,AAVEUSDT,243.88,245.15,241.53,243.01,13023.029933418378,3164726.50412,40063
1760428800000,2025-10-14 08:00:00+00:00,AAVEUSDT,243.0,245.19,240.8,243.55,8764.731471032643,2134650.34977,24835
1760432400000,2025-10-14 09:00:00+00:00,AAVEUSDT,243.57,246.0,243.44,245.25,6075.5226133333335,1490021.92092,18148
1760436000000,2025-10-14 10:00:00+00:00,AAVEUSDT,245.26,245.31,238.78,242.32,9533.688873225487,2310203.48776,26286
1760439600000,2025-10-14 11:00:00+00:00,AAVEUSDT,242.33,245.72,242.04,244.79,5267.439380571102,1289416.48597,17341
1760443200000,2025-10-14 12:00:00+00:00,AAVEUSDT,244.79,245.03,241.26,241.6,4785.741627690397,1156235.17725,17350
1760446800000,2025-10-14 13:00:00+00:00,AAVEUSDT,241.6,243.83,238.12,242.55,10226.562892145948,2480452.82949,33362
1760450400000,2025-10-14 14:00:00+00:00,AAVEUSDT,242.55,247.07,241.57,243.44,8409.997948981269,2047329.9007,31270
1760454000000,2025-10-14 15:00:00+00:00,AAVEUSDT,243.46,251.41,242.8,251.2,8284.636838375796,2081100.7738,28712
1760457600000,2025-10-14 16:00:00+00:00,AAVEUSDT,251.22,254.76,249.15,251.08,11288.492487693165,2834314.69381,36369
1760461200000,2025-10-14 17:00:00+00:00,AAVEUSDT,251.01,253.94,247.56,252.34,6215.676064238725,1568463.69805,25459
1760464800000,2025-10-14 18:00:00+00:00,AAVEUSDT,252.35,254.94,252.09,253.43,3545.627064514856,898568.26696,15009
1760468400000,2025-10-14 19:00:00+00:00,AAVEUSDT,253.43,255.24,248.1,251.6,7173.978947853736,1804973.10328,23225
1760472000000,2025-10-14 20:00:00+00:00,AAVEUSDT,251.6,253.35,249.92,253.16,2298.222586506557,581818.03,10803
1760475600000,2025-10-14 21:00:00+00:00,AAVEUSDT,253.16,253.95,251.28,253.68,906.639545884579,229996.32,3480
1760479200000,2025-10-14 22:00:00+00:00,AAVEUSDT,253.68,255.39,252.91,253.8,2112.126925650118,536057.81373,7622
1760482800000,2025-10-14 23:00:00+00:00,AAVEUSDT,253.79,257.47,253.67,255.36,8717.1844512453,2226020.22147,12635
1760576400000,2025-10-16 01:00:00+00:00,AAVEUSDT,240.69,243.65,240.58,243.3,1920.2136326757088,467187.97683,10287
1760580000000,2025-10-16 02:00:00+00:00,AAVEUSDT,243.31,244.07,241.77,243.04,2237.937942931205,543908.43765,9797
1760583600000,2025-10-16 03:00:00+00:00,AAVEUSDT,243.06,243.17,239.76,239.91,7668.53849001709,1839759.06914,15509
1760587200000,2025-10-16 04:00:00+00:00,AAVEUSDT,239.92,241.56,238.34,239.22,2627.1160438508487,628458.70001,7822
1760590800000,2025-10-16 05:00:00+00:00,AAVEUSDT,239.22,241.81,238.71,240.18,3173.7658687650924,762275.08636,10959
1760594400000,2025-10-16 06:00:00+00:00,AAVEUSDT,240.17,243.13,240.16,242.68,1926.5377849843414,467532.18966,10104
1760598000000,2025-10-16 07:00:00+00:00,AAVEUSDT,242.71,242.8,240.23,241.3,2300.341280397845,555072.35096,8330
1760601600000,2025-10-16 08:00:00+00:00,AAVEUSDT,241.28,241.43,239.06,239.74,1740.7901127054308,417337.02162,7045
1760605200000,2025-10-16 09:00:00+00:00,AAVEUSDT,239.74,244.03,233.35,242.37,14061.53305318315,3408093.7661,35120
1760608800000,2025-10-16 10:00:00+00:00,AAVEUSDT,242.39,245.79,242.34,243.8,5026.007825594749,1225340.70788,19158
1760612400000,2025-10-16 11:00:00+00:00,AAVEUSDT,243.78,244.72,242.76,244.26,2425.941521084091,592560.47594,10537
1760616000000,2025-10-16 12:00:00+00:00,AAVEUSDT,244.26,246.33,242.95,243.72,3934.5735990070575,958934.27755,15254
1760619600000,2025-10-16 13:00:00+00:00,AAVEUSDT,243.71,245.12,241.53,242.4,3697.983532466996,896391.20827,20367
1760623200000,2025-10-16 14:00:00+00:00,AAVEUSDT,242.4,244.29,238.56,241.25,7644.011001575129,1844117.65413,31201
1760626800000,2025-10-16 15:00:00+00:00,AAVEUSDT,241.26,241.89,234.87,235.85,9149.632914437141,2157940.92287,34850
1760630400000,2025-10-16 16:00:00+00:00,AAVEUSDT,235.84,240.04,232.9,239.82,10877.435621924777,2608626.61085,45545
1760634000000,2025-10-16 17:00:00+00:00,AAVEUSDT,239.83,239.84,236.21,236.68,4140.884789040054,980064.61187,22376
1760637600000,2025-10-16 18:00:00+00:00,AAVEUSDT,236.68,237.26,233.57,236.45,4876.56245324593,1153063.19207,23376
1760641200000,2025-10-16 19:00:00+00:00,AAVEUSDT,236.45,236.73,230.46,232.54,6293.99447024168,1463605.47411,29547
1760644800000,2025-10-16 20:00:00+00:00,AAVEUSDT,232.55,233.56,228.01,228.79,11858.353237991172,2713072.63732,29347
1760648400000,2025-10-16 21:00:00+00:00,AAVEUSDT,228.78,229.84,228.0,228.99,11323.484492641599,2592964.71397,17744
1760652000000,2025-10-16 22:00:00+00:00,AAVEUSDT,229.0,229.54,222.54,222.56,14450.946760469087,3216202.71101,26204
1760655600000,2025-10-16 23:00:00+00:00,AAVEUSDT,222.58,225.49,222.53,223.16,8640.932926554939,1928310.59189,21773
1760662800000,2025-10-17 01:00:00+00:00,AAVEUSDT,225.57,227.47,224.34,225.23,19931.42225138747,4489154.23368,26716
1760666400000,2025-10-17 02:00:00+00:00,AAVEUSDT,225.24,226.24,222.62,223.86,9364.71256852497,2096384.55559,16196
1760670000000,2025-10-17 03:00:00+00:00,AAVEUSDT,223.86,224.86,221.9,222.9,10121.356490489008,2256050.36173,18333
1760673600000,2025-10-17 04:00:00+00:00,AAVEUSDT,222.9,223.05,221.0,221.81,7104.607848158334,1575873.0668,13377
1760677200000,2025-10-17 05:00:00+00:00,AAVEUSDT,221.81,223.03,220.27,220.95,8526.083085494456,1883838.05774,13695
1760680800000,2025-10-17 06:00:00+00:00,AAVEUSDT,220.95,221.89,214.9,215.56,17677.296112868808,3810517.95009,34481
1760684400000,2025-10-17 07:00:00+00:00,AAVEUSDT,215.56,216.3,208.21,208.57,36661.35716042576,7646459.26295,59600
1760688000000,2025-10-17 08:00:00+00:00,AAVEUSDT,208.57,209.1,202.65,204.65,31678.089627999023,6482921.04237,57518
1760691600000,2025-10-17 09:00:00+00:00,AAVEUSDT,204.66,211.0,204.29,207.47,16095.295147780402,3339290.88431,38607
1760695200000,2025-10-17 10:00:00+00:00,AAVEUSDT,207.47,208.92,204.16,207.0,13076.873349855074,2706912.78342,34820
1760698800000,2025-10-17 11:00:00+00:00,AAVEUSDT,207.01,213.02,206.74,210.1,19830.771326225607,4166445.05564,46881
1760702400000,2025-10-17 12:00:00+00:00,AAVEUSDT,210.1,211.59,207.47,207.72,9396.038079385711,1951745.02985,17836
1760706000000,2025-10-17 13:00:00+00:00,AAVEUSDT,207.72,210.0,204.35,206.71,25791.66452905036,5331394.9748,40140
1760709600000,2025-10-17 14:00:00+00:00,AAVEUSDT,206.7,207.34,200.17,203.13,32621.391966277755,6626383.35011,44624
1760713200000,2025-10-17 15:00:00+00:00,AAVEUSDT,203.15,206.16,200.92,205.69,12969.127052457583,2667619.74342,30919
1760716800000,2025-10-17 16:00:00+00:00,AAVEUSDT,205.7,208.79,201.83,202.2,18305.87879545005,3701448.69244,35670
1760720400000,2025-10-17 17:00:00+00:00,AAVEUSDT,202.21,204.87,201.35,204.54,9257.686192334018,1893567.13378,21014
1760724000000,2025-10-17 18:00:00+00:00,AAVEUSDT,204.56,206.52,202.73,203.75,11879.473879312884,2420442.80291,19510
1760727600000,2025-10-17 19:00:00+00:00,AAVEUSDT,203.75,204.62,201.9,203.01,4444.348596670115,902247.20861,12469
1760731200000,2025-10-17 20:00:00+00:00,AAVEUSDT,203.03,207.34,202.57,206.85,13393.16704776408,2770376.60383,12786
1760734800000,2025-10-17 21:00:00+00:00,AAVEUSDT,206.86,209.74,206.35,209.13,16146.465084349447,3376710.24309,11624
1760738400000,2025-10-17 22:00:00+00:00,AAVEUSDT,209.13,209.59,206.85,207.65,4518.131741584397,938190.05614,6370
1760742000000,2025-10-17 23:00:00+00:00,AAVEUSDT,207.63,207.64,205.66,206.57,3467.9096998112022,716366.10669,5100
1760749200000,2025-10-18 01:00:00+00:00,AAVEUSDT,206.01,208.63,205.89,208.37,3720.4586905984547,775231.97736,10141
1760752800000,2025-10-18 02:00:00+00:00,AAVEUSDT,208.38,209.56,207.48,208.23,4340.787252989483,903882.12969,10393
1760756400000,2025-10-18 03:00:00+00:00,AAVEUSDT,208.24,210.75,208.23,210.31,2592.151825495697,545155.45042,7996
1760760000000,2025-10-18 04:00:00+00:00,AAVEUSDT,210.31,210.48,207.43,207.68,2936.161344809322,609781.98809,7090
1760763600000,2025-10-18 05:00:00+00:00,AAVEUSDT,207.67,209.33,207.47,208.77,2603.356154476218,543502.66437,5925
1760767200000,2025-10-18 06:00:00+00:00,AAVEUSDT,208.77,209.81,207.43,207.94,3115.5661115706453,647850.81724,6854
1760770800000,2025-10-18 07:00:00+00:00,AAVEUSDT,207.95,211.43,207.78,208.56,5807.4938601841195,1211210.91948,16676
1760774400000,2025-10-18 08:00:00+00:00,AAVEUSDT,208.56,209.6,208.29,208.53,2699.8891367668916,563007.88169,8954
1760778000000,2025-10-18 09:00:00+00:00,AAVEUSDT,208.53,209.92,208.01,209.55,2557.6759657838224,535960.99863,6599
1760781600000,2025-10-18 10:00:00+00:00,AAVEUSDT,209.55,209.84,208.54,209.41,2388.3815719402132,500150.98498,5773
1760785200000,2025-10-18 11:00:00+00:00,AAVEUSDT,209.35,210.3,208.87,210.19,2424.1108610304964,509523.86188,5523
1760788800000,2025-10-18 12:00:00+00:00,AAVEUSDT,210.2,210.94,208.26,208.64,1774.127954706672,370154.05647,5364
1760792400000,2025-10-18 13:00:00+00:00,AAVEUSDT,208.65,209.02,207.46,208.22,4563.872241955624,950289.47822,9098
1760796000000,2025-10-18 14:00:00+00:00,AAVEUSDT,208.23,210.51,206.97,210.07,3901.7023912505356,819630.62133,8490
1760799600000,2025-10-18 15:00:00+00:00,AAVEUSDT,210.08,210.58,208.17,209.56,2977.2852731437292,623919.90184,7080
1760803200000,2025-10-18 16:00:00+00:00,AAVEUSDT,209.57,210.32,207.88,209.89,4512.128328695984,947050.61491,7224
1760806800000,2025-10-18 17:00:00+00:00,AAVEUSDT,209.89,211.98,208.65,211.7,3381.5619560226737,715876.66609,8815
1760810400000,2025-10-18 18:00:00+00:00,AAVEUSDT,211.7,213.54,211.42,213.05,2944.5809045294527,627342.96171,7391
1760814000000,2025-10-18 19:00:00+00:00,AAVEUSDT,213.05,215.5,212.74,215.44,2932.8318810805795,631849.30046,8692
1760817600000,2025-10-18 20:00:00+00:00,AAVEUSDT,215.43,216.96,214.82,215.94,4578.386542835973,988656.79006,11358
1760821200000,2025-10-18 21:00:00+00:00,AAVEUSDT,215.93,216.23,214.0,215.59,1690.2918595482165,364410.022,4633
1760824800000,2025-10-18 22:00:00+00:00,AAVEUSDT,215.61,216.77,214.95,215.36,3302.7913019130756,711289.13478,7018
1760828400000,2025-10-18 23:00:00+00:00,AAVEUSDT,215.35,215.49,214.23,214.87,2156.602115279006,463389.09651,5487
1760835600000,2025-10-19 01:00:00+00:00,AAVEUSDT,213.3,214.0,212.75,213.39,1912.8705699892216,408187.45093,4299
1760839200000,2025-10-19 02:00:00+00:00,AAVEUSDT,213.4,213.98,212.5,213.17,2588.9938056480746,551895.80955,4881
1760842800000,2025-10-19 03:00:00+00:00,AAVEUSDT,213.17,216.83,213.11,216.75,2267.60022177624,491502.34807,6655
1760846400000,2025-10-19 04:00:00+00:00,AAVEUSDT,216.76,217.76,216.01,216.26,2951.6638487931195,638326.82394,6323
1760850000000,2025-10-19 05:00:00+00:00,AAVEUSDT,216.28,217.81,215.38,215.61,1949.2893362088955,420286.27378,4795
1760853600000,2025-10-19 06:00:00+00:00,AAVEUSDT,215.6,216.61,214.3,214.76,1109.8541913764202,238352.28614,4444
1760857200000,2025-10-19 07:00:00+00:00,AAVEUSDT,214.74,215.24,213.74,214.64,1519.2928812896012,326101.02404,4258
1760860800000,2025-10-19 08:00:00+00:00,AAVEUSDT,214.65,217.93,212.53,212.87,8043.797485272702,1712283.17069,18380
1760864400000,2025-10-19 09:00:00+00:00,AAVEUSDT,212.86,218.28,211.64,215.9,9849.036758916163,2126407.03625,22602
1760868000000,2025-10-19 10:00:00+00:00,AAVEUSDT,215.91,219.6,214.89,219.51,10373.272254521435,2277036.99259,23875
1760871600000,2025-10-19 11:00:00+00:00,AAVEUSDT,219.5,221.2,219.21,220.66,13594.668189703616,2999799.48274,18753
1760875200000,2025-10-19 12:00:00+00:00,AAVEUSDT,220.65,221.99,219.51,219.92,4994.814106084031,1098459.51821,12625
1760878800000,2025-10-19 13:00:00+00:00,AAVEUSDT,219.93,225.4,219.61,224.23,12475.916182491192,2797474.6856,19619
1760882400000,2025-10-19 14:00:00+00:00,AAVEUSDT,224.24,226.52,223.3,225.91,11620.90652804214,2625278.99375,21071
1760886000000,2025-10-19 15:00:00+00:00,AAVEUSDT,225.9,226.27,224.03,224.74,4477.115399172377,1006186.91481,9517
1760889600000,2025-10-19 16:00:00+00:00,AAVEUSDT,224.74,224.9,222.7,223.46,5702.7279671977085,1274331.59155,9201
1760893200000,2025-10-19 17:00:00+00:00,AAVEUSDT,223.47,225.97,222.79,223.41,5698.492796114766,1273100.27558,10980
1760896800000,2025-10-19 18:00:00+00:00,AAVEUSDT,223.41,224.8,222.68,224.16,3633.50114297823,814485.61621,6462
1760900400000,2025-10-19 19:00:00+00:00,AAVEUSDT,224.16,224.51,222.97,224.37,3378.8406727726524,758110.48175,4560
1760904000000,2025-10-19 20:00:00+00:00,AAVEUSDT,224.36,225.1,223.79,225.01,1602.135232123017,360496.44858,3846
1760907600000,2025-10-19 21:00:00+00:00,AAVEUSDT,225.01,225.41,223.78,224.19,2395.2138834916814,536983.00054,3060
1760911200000,2025-10-19 22:00:00+00:00,AAVEUSDT,224.2,225.6,224.15,225.08,2418.2128466323084,544291.34752,6095
1760914800000,2025-10-19 23:00:00+00:00,AAVEUSDT,225.06,225.06,222.21,222.44,1987.9255384373314,442194.15677,5474
1760922000000,2025-10-20 01:00:00+00:00,AAVEUSDT,220.24,222.1,219.69,221.21,2961.5160578183627,655116.96715,9439
1760925600000,2025-10-20 02:00:00+00:00,AAVEUSDT,221.21,222.24,219.98,221.81,3503.761433028267,777169.32346,9916
1760929200000,2025-10-20 03:00:00+00:00,AAVEUSDT,221.82,228.5,221.34,227.69,5888.563039747025,1340766.91852,15777
1760932800000,2025-10-20 04:00:00+00:00,AAVEUSDT,227.7,229.27,227.14,229.02,6299.667364378657,1442749.81979,14427
1760936400000,2025-10-20 05:00:00+00:00,AAVEUSDT,229.05,229.99,227.7,229.72,4505.042430785304,1034898.3472,10594
1760940000000,2025-10-20 06:00:00+00:00,AAVEUSDT,229.73,234.57,229.42,234.15,9961.50257894512,2332485.82886,17339
1760943600000,2025-10-20 07:00:00+00:00,AAVEUSDT,234.16,234.16,232.25,233.71,8785.723436994565,2053311.42446,11328
1760947200000,2025-10-20 08:00:00+00:00,AAVEUSDT,233.71,235.94,232.69,233.19,8131.846750975599,1896265.34386,13180
1760950800000,2025-10-20 09:00:00+00:00,AAVEUSDT,233.18,234.16,232.25,234.06,3440.743496582073,805340.42281,11120
1760954400000,2025-10-20 10:00:00+00:00,AAVEUSDT,234.06,234.68,230.9,231.8,4885.549611302848,1132470.3999,12369
1760958000000,2025-10-20 11:00:00+00:00,AAVEUSDT,231.79,232.82,231.12,231.8,2077.9370736842106,481665.81368,8745
1760961600000,2025-10-20 12:00:00+00:00,AAVEUSDT,231.81,231.9,230.54,230.9,2426.899557903854,560371.10792,7742
1760965200000,2025-10-20 13:00:00+00:00,AAVEUSDT,230.9,231.76,229.8,231.03,2482.0181019780985,573420.6421,12065
1760968800000,2025-10-20 14:00:00+00:00,AAVEUSDT,231.05,231.43,228.5,230.59,5267.491514202697,1214630.86826,10562
1760972400000,2025-10-20 15:00:00+00:00,AAVEUSDT,230.6,232.04,228.55,228.55,3023.5924583242177,691042.05635,9838
1760976000000,2025-10-20 16:00:00+00:00,AAVEUSDT,228.54,228.54,224.22,226.53,10864.343137906679,2461099.65103,24668
1760979600000,2025-10-20 17:00:00+00:00,AAVEUSDT,226.54,227.79,225.11,226.13,4257.645567195861,962781.39211,11461
1760983200000,2025-10-20 18:00:00+00:00,AAVEUSDT,226.15,227.78,225.58,227.7,2223.388838647343,506265.63856,6591
1760986800000,2025-10-20 19:00:00+00:00,AAVEUSDT,227.69,229.98,226.86,229.14,2700.5675379680547,618808.04565,7163
1760990400000,2025-10-20 20:00:00+00:00,AAVEUSDT,229.14,229.79,228.34,229.45,4060.154851383744,931602.53065,7447
1760994000000,2025-10-20 21:00:00+00:00,AAVEUSDT,229.45,230.79,228.0,228.19,3608.4207776852622,823405.53726,4197
1760997600000,2025-10-20 22:00:00+00:00,AAVEUSDT,228.21,229.42,227.54,229.14,1648.5925176747842,377758.4895,3560
1761001200000,2025-10-20 23:00:00+00:00,AAVEUSDT,229.14,229.54,228.42,228.92,913.0925186964879,209025.13938,3354
1761008400000,2025-10-21 01:00:00+00:00,AAVEUSDT,227.81,228.22,225.32,226.39,2425.98020327753,549217.65822,7568
1761012000000,2025-10-21 02:00:00+00:00,AAVEUSDT,226.4,226.46,223.89,223.98,3070.5905613001164,687750.87392,7868
1761015600000,2025-10-21 03:00:00+00:00,AAVEUSDT,223.97,224.76,222.81,223.22,1967.1643477286982,439110.4257,7269
1761019200000,2025-10-21 04:00:00+00:00,AAVEUSDT,223.23,223.42,218.78,219.18,8454.531158317364,1853064.13928,25464
1761022800000,2025-10-21 05:00:00+00:00,AAVEUSDT,219.18,219.88,218.0,218.97,7664.510650089053,1678297.89705,13571
1761026400000,2025-10-21 06:00:00+00:00,AAVEUSDT,218.98,220.73,218.37,220.47,3039.079535855218,670025.86527,8457
1761030000000,2025-10-21 07:00:00+00:00,AAVEUSDT,220.45,221.57,218.93,221.36,3725.685180520419,824717.67156,7367
1761033600000,2025-10-21 08:00:00+00:00,AAVEUSDT,221.35,221.35,219.32,220.72,3554.278754802465,784500.40676,7056
1761037200000,2025-10-21 09:00:00+00:00,AAVEUSDT,220.72,220.76,219.79,220.29,3070.965728675836,676503.04037,5375
1761040800000,2025-10-21 10:00:00+00:00,AAVEUSDT,220.3,223.1,220.17,222.71,3342.146553500067,744329.45893,7367
1761044400000,2025-10-21 11:00:00+00:00,AAVEUSDT,222.71,222.78,220.96,221.56,4142.30831558043,917769.8304,6757
1761048000000,2025-10-21 12:00:00+00:00,AAVEUSDT,221.57,224.14,221.0,222.0,5606.105212477477,1244555.35717,10248
1761051600000,2025-10-21 13:00:00+00:00,AAVEUSDT,222.0,223.78,220.22,221.12,6216.758816841534,1374649.70958,19693
1761055200000,2025-10-21 14:00:00+00:00,AAVEUSDT,221.12,233.3,221.03,232.86,16254.246305934894,3784963.7948,34167
1761058800000,2025-10-21 15:00:00+00:00,AAVEUSDT,232.86,236.66,230.82,235.58,15524.052554036844,3657156.30068,35647
1761062400000,2025-10-21 16:00:00+00:00,AAVEUSDT,235.57,236.8,230.75,231.4,12026.75370423509,2782990.80716,23429
1761066000000,2025-10-21 17:00:00+00:00,AAVEUSDT,231.41,233.06,228.65,231.29,10174.834380820615,2353337.44394,29851
1761069600000,2025-10-21 18:00:00+00:00,AAVEUSDT,231.29,232.22,229.61,230.92,3418.6227531179634,789428.36615,12456
1761073200000,2025-10-21 19:00:00+00:00,AAVEUSDT,230.92,231.27,229.42,229.45,2954.5263136631074,677916.06267,6611
1761076800000,2025-10-21 20:00:00+00:00,AAVEUSDT,229.46,229.95,226.19,226.6,4864.525713857017,1102301.52676,13150
1761080400000,2025-10-21 21:00:00+00:00,AAVEUSDT,226.6,227.23,223.1,225.98,9309.572626736881,2103777.22219,8128
1761084000000,2025-10-21 22:00:00+00:00,AAVEUSDT,225.97,226.31,221.07,221.58,9555.707266720823,2117353.61616,18302
1761087600000,2025-10-21 23:00:00+00:00,AAVEUSDT,221.57,222.29,218.27,218.75,5084.742385874285,1112287.39691,15930
1761094800000,2025-10-22 01:00:00+00:00,AAVEUSDT,217.52,219.57,217.45,219.13,3387.903255556063,742391.24039,10910
1761098400000,2025-10-22 02:00:00+00:00,AAVEUSDT,219.14,220.58,218.96,219.38,2074.6610818214967,455139.14813,6539
1761102000000,2025-10-22 03:00:00+00:00,AAVEUSDT,219.38,219.38,217.48,218.79,3067.685643128114,671178.94186,6546
1761105600000,2025-10-22 04:00:00+00:00,AAVEUSDT,218.79,220.95,218.6,220.73,2550.4485652607264,562960.51181,6656
1761109200000,2025-10-22 05:00:00+00:00,AAVEUSDT,220.73,220.81,217.0,218.89,4470.226463931655,978487.87069,10355
1761112800000,2025-10-22 06:00:00+00:00,AAVEUSDT,218.87,218.87,217.43,217.56,2192.142767282589,476922.58045,6060
1761116400000,2025-10-22 07:00:00+00:00,AAVEUSDT,217.57,218.65,216.63,218.38,3945.288744436304,861572.15601,9218
1761120000000,2025-10-22 08:00:00+00:00,AAVEUSDT,218.38,218.38,216.98,217.54,1711.5644226808863,372333.72451,5059
1761123600000,2025-10-22 09:00:00+00:00,AAVEUSDT,217.54,217.79,215.49,216.36,3057.981222823072,661624.81737,7925
1761127200000,2025-10-22 10:00:00+00:00,AAVEUSDT,216.34,217.09,215.03,215.36,4380.638924405646,943414.39876,10697
1761130800000,2025-10-22 11:00:00+00:00,AAVEUSDT,215.37,225.67,213.21,219.75,24505.758793538113,5385140.49488,42519
1761134400000,2025-10-22 12:00:00+00:00,AAVEUSDT,219.76,222.0,218.34,220.58,15543.619647338834,3428611.62181,26061
1761138000000,2025-10-22 13:00:00+00:00,AAVEUSDT,220.59,224.34,218.97,224.06,15476.809438320091,3467733.92275,26810
1761141600000,2025-10-22 14:00:00+00:00,AAVEUSDT,224.05,224.47,218.7,223.76,19674.790142876296,4402431.04237,39742
1761145200000,2025-10-22 15:00:00+00:00,AAVEUSDT,223.77,224.84,219.3,223.42,13075.71341115388,2921375.89032,34913
1761148800000,2025-10-22 16:00:00+00:00,AAVEUSDT,223.43,223.99,220.58,220.95,12861.481692238063,2841744.3799,28320
1761152400000,2025-10-22 17:00:00+00:00,AAVEUSDT,220.95,222.01,218.24,219.08,5974.821990049297,1308964.00158,15560
1761156000000,2025-10-22 18:00:00+00:00,AAVEUSDT,219.07,219.81,217.13,218.0,4928.876204862386,1074495.01266,13884
1761159600000,2025-10-22 19:00:00+00:00,AAVEUSDT,218.01,220.5,215.78,218.18,7668.366559950499,1673084.21605,17337
1761163200000,2025-10-22 20:00:00+00:00,AAVEUSDT,218.17,218.89,214.47,214.91,11507.588820901772,2473095.9135,15378
1761166800000,2025-10-22 21:00:00+00:00,AAVEUSDT,214.91,215.1,208.21,211.86,38131.100186066265,8078454.88542,20991
1761170400000,2025-10-22 22:00:00+00:00,AAVEUSDT,211.85,213.25,210.96,212.51,4270.392006493812,907501.0053,8976
1761174000000,2025-10-22 23:00:00+00:00,AAVEUSDT,212.51,217.43,212.39,216.49,5109.543990345974,1106165.17847,15381
1761181200000,2025-10-23 01:00:00+00:00,AAVEUSDT,217.18,218.63,217.07,217.91,2568.8173826809234,559770.99586,8073
1761184800000,2025-10-23 02:00:00+00:00,AAVEUSDT,217.91,218.69,217.59,218.21,1297.8792875211952,283210.23933,4241
1761188400000,2025-10-23 03:00:00+00:00,AAVEUSDT,218.22,219.42,218.16,218.78,1814.7747355334127,397036.41664,5085
1761192000000,2025-10-23 04:00:00+00:00,AAVEUSDT,218.79,220.04,218.46,219.03,1582.163318586495,346541.23167,4663
1761195600000,2025-10-23 05:00:00+00:00,AAVEUSDT,219.06,219.47,218.52,219.47,1588.1709971294483,348555.88874,4709
1761199200000,2025-10-23 06:00:00+00:00,AAVEUSDT,219.48,223.01,218.74,222.6,5131.7984422282125,1142338.33324,12208
1761202800000,2025-10-23 07:00:00+00:00,AAVEUSDT,222.61,222.78,220.28,221.37,3275.962504404391,725199.8196,6473
1761206400000,2025-10-23 08:00:00+00:00,AAVEUSDT,221.38,223.34,221.33,222.64,2936.628609010061,653810.99351,5516
1761210000000,2025-10-23 09:00:00+00:00,AAVEUSDT,222.65,222.69,221.28,221.99,2278.022395873688,505698.19166,5453
1761213600000,2025-10-23 10:00:00+00:00,AAVEUSDT,221.99,223.55,221.16,221.46,2826.6429737650137,625988.35297,5495
1761217200000,2025-10-23 11:00:00+00:00,AAVEUSDT,221.47,221.74,220.07,220.38,1806.4308933660043,398101.24028,5533
1761220800000,2025-10-23 12:00:00+00:00,AAVEUSDT,220.37,220.74,218.53,220.69,4326.349668086456,954782.10825,9311
1761224400000,2025-10-23 13:00:00+00:00,AAVEUSDT,220.69,222.75,219.4,221.98,4375.603590864042,971296.4851,12339
1761228000000,2025-10-23 14:00:00+00:00,AAVEUSDT,221.99,222.12,219.41,221.59,5643.248950629541,1250487.53497,14814
1761231600000,2025-10-23 15:00:00+00:00,AAVEUSDT,221.6,223.97,221.13,223.14,3740.570989244421,834671.01054,12847
1761235200000,2025-10-23 16:00:00+00:00,AAVEUSDT,223.15,227.02,223.09,226.54,4266.393206674318,966508.71704,11681
1761238800000,2025-10-23 17:00:00+00:00,AAVEUSDT,226.53,228.42,224.5,228.19,6604.77609255445,1507143.85656,16562
1761242400000,2025-10-23 18:00:00+00:00,AAVEUSDT,228.18,228.25,225.37,225.49,3267.029594926604,736682.50336,10144
1761246000000,2025-10-23 19:00:00+00:00,AAVEUSDT,225.49,225.51,223.66,224.78,1513.5835135688228,340223.30218,6172
1761249600000,2025-10-23 20:00:00+00:00,AAVEUSDT,224.77,225.14,221.21,222.25,3288.622775928009,730896.41195,8176
1761253200000,2025-10-23 21:00:00+00:00,AAVEUSDT,222.25,223.13,221.91,222.7,1485.363631701841,330790.48078,3422
1761256800000,2025-10-23 22:00:00+00:00,AAVEUSDT,222.69,224.21,222.54,223.75,3136.0764067932964,701697.09602,5520
1761260400000,2025-10-23 23:00:00+00:00,AAVEUSDT,223.76,224.65,223.61,224.52,949.2158428202387,213117.94103,3639
1761267600000,2025-10-24 01:00:00+00:00,AAVEUSDT,224.53,225.32,223.68,225.21,2727.8995575240883,614350.25935,4912
1761271200000,2025-10-24 02:00:00+00:00,AAVEUSDT,225.21,225.75,224.4,225.48,2360.263211326947,532192.14889,4092
1761274800000,2025-10-24 03:00:00+00:00,AAVEUSDT,225.48,226.0,224.98,226.0,1025.5904377876107,231783.43894,3518
1761278400000,2025-10-24 04:00:00+00:00,AAVEUSDT,226.0,234.13,225.15,233.72,11119.638103371555,2598881.81752,16812
1761282000000,2025-10-24 05:00:00+00:00,AAVEUSDT,233.73,235.07,232.77,232.86,5279.723316628017,1229436.37151,11086
1761285600000,2025-10-24 06:00:00+00:00,AAVEUSDT,232.88,232.95,231.45,232.06,3961.5450869171764,919316.15287,6589
1761289200000,2025-10-24 07:00:00+00:00,AAVEUSDT,232.08,232.18,229.49,230.45,3199.862229811239,737408.25086,7190
1761292800000,2025-10-24 08:00:00+00:00,AAVEUSDT,230.42,231.57,229.26,230.32,2525.9286399791595,581771.88436,7716
1761296400000,2025-10-24 09:00:00+00:00,AAVEUSDT,230.33,230.69,229.88,230.15,2082.811901846622,479359.15921,4819
1761300000000,2025-10-24 10:00:00+00:00,AAVEUSDT,230.16,230.16,229.2,229.24,1110.0472086023383,254467.2221,3512
1761303600000,2025-10-24 11:00:00+00:00,AAVEUSDT,229.25,229.75,227.9,229.42,2503.0141220904893,574241.49989,5346
1761307200000,2025-10-24 12:00:00+00:00,AAVEUSDT,229.42,235.18,229.3,232.69,12502.745894537797,2909263.9422,20856
1761310800000,2025-10-24 13:00:00+00:00,AAVEUSDT,232.7,232.71,227.55,229.12,6650.989597110684,1523874.73649,16727
1761314400000,2025-10-24 14:00:00+00:00,AAVEUSDT,229.12,229.12,225.61,226.92,7189.088582584171,1631347.98116,19873
1761318000000,2025-10-24 15:00:00+00:00,AAVEUSDT,226.91,227.76,225.53,226.11,4648.815325284154,1051143.6332,10427
1761321600000,2025-10-24 16:00:00+00:00,AAVEUSDT,226.11,226.48,224.39,225.76,5247.491155209072,1184673.6032,7769
1761325200000,2025-10-24 17:00:00+00:00,AAVEUSDT,225.77,226.87,225.18,225.94,1692.666257369213,382441.01419,4901
1761328800000,2025-10-24 18:00:00+00:00,AAVEUSDT,225.92,227.64,225.77,227.64,1051.3584986382007,239331.24863,3702
1761332400000,2025-10-24 19:00:00+00:00,AAVEUSDT,227.65,229.36,227.62,228.16,1736.177057985624,396126.15755,5095
1761336000000,2025-10-24 20:00:00+00:00,AAVEUSDT,228.17,229.18,227.88,228.8,1089.8977981206294,249368.61621,3185
1761339600000,2025-10-24 21:00:00+00:00,AAVEUSDT,228.8,229.25,228.15,229.25,1169.4515499672848,268096.76783,2320
1761343200000,2025-10-24 22:00:00+00:00,AAVEUSDT,229.25,229.52,228.36,228.62,1154.2979811914968,263895.60446,3463
1761346800000,2025-10-24 23:00:00+00:00,AAVEUSDT,228.6,229.58,228.38,228.94,1061.0605551236133,242919.20349,2044
1761354000000,2025-10-25 01:00:00+00:00,AAVEUSDT,227.23,229.07,226.99,227.82,917.4019190589063,209002.5052,3088
1761357600000,2025-10-25 02:00:00+00:00,AAVEUSDT,227.82,228.96,227.37,228.2,788.2939580192814,179888.68122,2518
1761361200000,2025-10-25 03:00:00+00:00,AAVEUSDT,228.18,228.28,226.72,226.86,1271.5307273648946,288459.46081,3056
1761364800000,2025-10-25 04:00:00+00:00,AAVEUSDT,226.85,228.13,226.84,227.02,820.579542375121,186287.96771,2492
1761368400000,2025-10-25 05:00:00+00:00,AAVEUSDT,227.03,228.0,226.61,227.67,628.2989000307463,143044.81057,2675
1761372000000,2025-10-25 06:00:00+00:00,AAVEUSDT,227.68,228.0,226.6,226.62,919.030592842644,208270.71295,2831
1761375600000,2025-10-25 07:00:00+00:00,AAVEUSDT,226.62,228.24,226.18,226.47,1945.4534040270235,440586.83241,4429
1761379200000,2025-10-25 08:00:00+00:00,AAVEUSDT,226.47,227.69,226.28,227.64,692.4456041996135,157628.31734,2423
1761382800000,2025-10-25 09:00:00+00:00,AAVEUSDT,227.65,228.78,226.57,226.69,3049.423069786934,691273.71569,5079
1761386400000,2025-10-25 10:00:00+00:00,AAVEUSDT,226.7,226.85,225.4,225.98,3570.8606220904503,806943.08338,4860
1761390000000,2025-10-25 11:00:00+00:00,AAVEUSDT,225.97,226.59,225.73,226.36,827.4674002032161,187305.52071,2304
1761393600000,2025-10-25 12:00:00+00:00,AAVEUSDT,226.35,228.37,226.33,228.07,1408.5536994782306,321248.84224,3873
1761397200000,2025-10-25 13:00:00+00:00,AAVEUSDT,228.06,228.17,226.11,226.28,1657.0525316864062,374957.84687,3956
1761400800000,2025-10-25 14:00:00+00:00,AAVEUSDT,226.29,228.12,226.26,227.89,1387.324798235991,316157.44827,4041
1761404400000,2025-10-25 15:00:00+00:00,AAVEUSDT,227.88,228.06,226.58,226.78,1348.1450276479407,305732.32937,3902
1761408000000,2025-10-25 16:00:00+00:00,AAVEUSDT,226.79,226.95,226.13,226.36,1463.0412448754196,331174.01619,4382
1761411600000,2025-10-25 17:00:00+00:00,AAVEUSDT,226.36,226.4,224.78,225.53,3238.3303133951135,730340.63558,6429
1761415200000,2025-10-25 18:00:00+00:00,AAVEUSDT,225.53,227.85,225.26,227.45,1270.3664120466037,288944.84042,4786
1761418800000,2025-10-25 19:00:00+00:00,AAVEUSDT,227.45,227.78,226.77,227.5,959.347980043956,218251.66546,3107
1761422400000,2025-10-25 20:00:00+00:00,AAVEUSDT,227.51,227.72,226.51,226.68,1934.6398986236104,438544.17222,3208
1761426000000,2025-10-25 21:00:00+00:00,AAVEUSDT,226.67,226.86,225.86,226.46,657.9646051841385,149002.66449,1660
1761429600000,2025-10-25 22:00:00+00:00,AAVEUSDT,226.45,227.58,225.86,227.27,1181.4788276499319,268514.69316,2530
1761433200000,2025-10-25 23:00:00+00:00,AAVEUSDT,227.26,227.4,226.19,226.28,667.3155797242355,151000.16938,1835
1761440400000,2025-10-26 01:00:00+00:00,AAVEUSDT,225.89,226.04,223.79,224.51,2014.9434843436818,452374.96167,4410
1761444000000,2025-10-26 02:00:00+00:00,AAVEUSDT,224.51,224.99,223.82,224.36,736.9328926279194,165338.26379,2728
1761447600000,2025-10-26 03:00:00+00:00,AAVEUSDT,224.35,224.44,223.52,224.18,1431.9277235257382,321009.55706,2454
1761451200000,2025-10-26 04:00:00+00:00,AAVEUSDT,224.19,225.27,224.09,225.0,784.0981327555555,176422.07987,1662
1761454800000,2025-10-26 05:00:00+00:00,AAVEUSDT,225.0,226.6,224.64,226.34,1487.0101828223028,336569.88478,2364
1761458400000,2025-10-26 06:00:00+00:00,AAVEUSDT,226.33,226.53,225.85,226.31,969.96501674694,219512.78294,1852
1761462000000,2025-10-26 07:00:00+00:00,AAVEUSDT,226.3,227.88,226.06,227.48,1669.4266650694567,379761.17777,2507
1761465600000,2025-10-26 08:00:00+00:00,AAVEUSDT,227.48,228.3,227.25,227.79,2046.448112647614,466160.41558,3862
1761469200000,2025-10-26 09:00:00+00:00,AAVEUSDT,227.79,231.41,227.33,230.64,3383.5576502774893,780383.73646,10557
1761472800000,2025-10-26 10:00:00+00:00,AAVEUSDT,230.64,231.3,229.7,231.08,2164.855126319889,500254.72259,5081
1761476400000,2025-10-26 11:00:00+00:00,AAVEUSDT,231.07,236.03,230.82,236.01,6691.786578789035,1579328.55046,13929
1761480000000,2025-10-26 12:00:00+00:00,AAVEUSDT,236.0,236.52,234.84,235.32,5581.270036885942,1313384.46508,12330
1761483600000,2025-10-26 13:00:00+00:00,AAVEUSDT,235.33,241.66,234.18,239.38,21308.999591862314,5100948.3223,25041
1761487200000,2025-10-26 14:00:00+00:00,AAVEUSDT,239.39,239.41,236.98,237.34,3526.402177382658,836956.29278,8133
1761490800000,2025-10-26 15:00:00+00:00,AAVEUSDT,237.35,238.12,236.43,237.9,1435.2525663724255,341446.58554,4869
1761494400000,2025-10-26 16:00:00+00:00,AAVEUSDT,237.9,238.01,235.9,235.98,3764.6528252818034,888382.77371,7008
1761498000000,2025-10-26 17:00:00+00:00,AAVEUSDT,235.98,236.98,235.62,236.67,942.1976697511302,222989.9225,3109
1761501600000,2025-10-26 18:00:00+00:00,AAVEUSDT,236.67,237.91,236.48,237.35,1316.790368906678,312540.19406,3253
1761505200000,2025-10-26 19:00:00+00:00,AAVEUSDT,237.35,238.11,236.77,237.64,1942.7609832940582,461677.72007,3351
1761508800000,2025-10-26 20:00:00+00:00,AAVEUSDT,237.64,237.68,235.86,235.98,985.1256738706671,232469.95652,3037
1761512400000,2025-10-26 21:00:00+00:00,AAVEUSDT,236.0,237.24,235.16,237.1,2175.157262800506,515729.78701,3268
1761516000000,2025-10-26 22:00:00+00:00,AAVEUSDT,237.12,242.48,237.12,241.45,7856.082124290744,1896851.02891,19339
1761519600000,2025-10-26 23:00:00+00:00,AAVEUSDT,241.47,242.03,240.48,240.76,2463.118827213823,593020.48884,7942
1761526800000,2025-10-27 01:00:00+00:00,AAVEUSDT,242.07,243.39,241.51,243.07,2066.861367054758,502391.99249,6990
1761530400000,2025-10-27 02:00:00+00:00,AAVEUSDT,243.07,245.12,242.82,244.43,4054.0469426011537,990930.69418,10043
1761534000000,2025-10-27 03:00:00+00:00,AAVEUSDT,244.42,245.19,243.6,243.95,2663.3413377741344,649722.11935,7151
1761537600000,2025-10-27 04:00:00+00:00,AAVEUSDT,243.96,245.5,243.27,245.05,1820.1656426851662,446031.59074,5243
1761541200000,2025-10-27 05:00:00+00:00,AAVEUSDT,245.06,249.0,245.02,246.66,5503.397025297982,1357467.91026,13194
1761544800000,2025-10-27 06:00:00+00:00,AAVEUSDT,246.66,246.8,244.95,245.45,2843.221428152373,697868.69954,7945
1761548400000,2025-10-27 07:00:00+00:00,AAVEUSDT,245.45,246.04,242.57,243.6,3300.9714319376026,804116.64082,10263
1761552000000,2025-10-27 08:00:00+00:00,AAVEUSDT,243.6,244.9,241.13,241.65,3630.1354025243118,877222.22002,10975
1761555600000,2025-10-27 09:00:00+00:00,AAVEUSDT,241.64,241.66,238.32,238.67,3647.013799932962,870432.78363,14823
1761559200000,2025-10-27 10:00:00+00:00,AAVEUSDT,238.68,239.56,238.01,238.47,1620.260050991739,386383.41436,6795
1761562800000,2025-10-27 11:00:00+00:00,AAVEUSDT,238.46,239.65,236.82,238.88,2869.882695118888,685557.57821,9997
1761566400000,2025-10-27 12:00:00+00:00,AAVEUSDT,238.88,239.02,236.85,237.01,1740.0061812159825,412398.86501,6101
1761570000000,2025-10-27 13:00:00+00:00,AAVEUSDT,237.01,238.95,235.36,238.24,3823.840918443586,910991.86041,12510
1761573600000,2025-10-27 14:00:00+00:00,AAVEUSDT,238.24,238.69,236.18,237.36,2865.1867113667,680080.71781,12180
1761577200000,2025-10-27 15:00:00+00:00,AAVEUSDT,237.36,239.44,236.54,237.48,4621.049319605862,1097406.79242,12456
1761580800000,2025-10-27 16:00:00+00:00,AAVEUSDT,237.48,240.75,237.44,240.05,3298.4245453447197,791786.81211,10313
1761584400000,2025-10-27 17:00:00+00:00,AAVEUSDT,240.06,242.43,239.63,241.42,1693.6591721895452,408883.19735,7842
1761588000000,2025-10-27 18:00:00+00:00,AAVEUSDT,241.41,242.34,240.23,240.35,1665.3668802163513,400270.92966,5461
1761591600000,2025-10-27 19:00:00+00:00,AAVEUSDT,240.35,240.54,238.72,239.07,2102.364938177103,502612.38577,6460
1761595200000,2025-10-27 20:00:00+00:00,AAVEUSDT,239.07,239.07,236.85,237.07,1943.614831315645,460772.76806,6909
1761598800000,2025-10-27 21:00:00+00:00,AAVEUSDT,237.06,237.92,235.65,235.87,2704.448598253275,637898.29087,3678
1761602400000,2025-10-27 22:00:00+00:00,AAVEUSDT,235.88,236.83,234.45,234.56,2514.3335181616644,589762.07002,6401
1761606000000,2025-10-27 23:00:00+00:00,AAVEUSDT,234.56,235.91,233.24,235.17,2777.067918569546,653083.06241,6214
1761613200000,2025-10-28 01:00:00+00:00,AAVEUSDT,235.66,237.5,235.66,237.2,1988.643419519393,471706.21911,5682
1761616800000,2025-10-28 02:00:00+00:00,AAVEUSDT,237.2,237.55,233.79,235.27,2110.8699144812344,496624.36478,4857
1761620400000,2025-10-28 03:00:00+00:00,AAVEUSDT,235.26,235.86,233.87,235.19,2411.5487631276837,567172.1536,5128
1761624000000,2025-10-28 04:00:00+00:00,AAVEUSDT,235.18,236.52,234.72,235.62,2432.0313587556234,573035.22875,4766
1761627600000,2025-10-28 05:00:00+00:00,AAVEUSDT,235.62,236.2,232.89,233.13,2628.060950413932,612679.84937,5077
1761631200000,2025-10-28 06:00:00+00:00,AAVEUSDT,233.14,238.12,233.09,237.94,3558.921614188451,846809.80888,5993
1761634800000,2025-10-28 07:00:00+00:00,AAVEUSDT,237.95,239.16,236.07,236.27,2712.9636823126084,640991.92922,6259
1761638400000,2025-10-28 08:00:00+00:00,AAVEUSDT,236.27,238.42,235.62,237.79,1559.781155893856,370900.36106,3476
1761642000000,2025-10-28 09:00:00+00:00,AAVEUSDT,237.8,238.15,235.56,236.75,4061.82202344245,961636.36405,4712
1761645600000,2025-10-28 10:00:00+00:00,AAVEUSDT,236.76,236.87,233.39,234.68,6062.959568348389,1422855.3515,5939
1761649200000,2025-10-28 11:00:00+00:00,AAVEUSDT,234.68,235.93,233.86,233.86,2845.5009521508596,665448.85267,4288
1761652800000,2025-10-28 12:00:00+00:00,AAVEUSDT,233.86,236.06,233.24,235.66,4709.921629296445,1109940.13116,5926
1761656400000,2025-10-28 13:00:00+00:00,AAVEUSDT,235.68,237.42,235.64,236.53,4109.866583900563,972106.74309,9509
1761660000000,2025-10-28 14:00:00+00:00,AAVEUSDT,236.53,237.56,229.58,234.23,12323.60482781881,2886557.95882,17552
1761663600000,2025-10-28 15:00:00+00:00,AAVEUSDT,234.24,235.48,232.42,233.87,2813.134223842306,657907.70093,8355
1761667200000,2025-10-28 16:00:00+00:00,AAVEUSDT,233.87,236.71,232.69,236.04,3615.1622322487715,853322.8933,9155
1761670800000,2025-10-28 17:00:00+00:00,AAVEUSDT,236.03,237.23,235.33,236.82,1562.4673137403936,370023.50924,5227
1761674400000,2025-10-28 18:00:00+00:00,AAVEUSDT,236.82,237.34,234.4,234.96,1671.6857860912494,392779.2923,4328
1761678000000,2025-10-28 19:00:00+00:00,AAVEUSDT,234.98,235.46,229.72,230.98,6268.739043640142,1447953.3443,9979
1761681600000,2025-10-28 20:00:00+00:00,AAVEUSDT,230.98,230.98,226.05,226.74,12107.763053409191,2745314.19473,16832
1761685200000,2025-10-28 21:00:00+00:00,AAVEUSDT,226.73,228.55,224.44,227.4,7658.007392304309,1741430.88101,8946
1761688800000,2025-10-28 22:00:00+00:00,AAVEUSDT,227.41,229.61,226.77,229.41,1679.857025936097,385376.00032,4778
1761692400000,2025-10-28 23:00:00+00:00,AAVEUSDT,229.41,229.49,228.14,228.36,1745.9148897355053,398697.12422,3629
1761699600000,2025-10-29 01:00:00+00:00,AAVEUSDT,228.75,230.9,228.47,229.56,1466.9116775135042,336744.24469,5211
1761703200000,2025-10-29 02:00:00+00:00,AAVEUSDT,229.56,229.57,228.8,229.26,860.5866025037077,197298.08449,2984
1761706800000,2025-10-29 03:00:00+00:00,AAVEUSDT,229.25,229.25,228.1,228.64,1651.1868766620016,377527.36748,3971
1761710400000,2025-10-29 04:00:00+00:00,AAVEUSDT,228.62,229.88,228.47,229.24,736.4877749083929,168832.45752,3206
1761714000000,2025-10-29 05:00:00+00:00,AAVEUSDT,229.23,230.85,229.05,229.98,1427.707019784329,328344.06041,4513
1761717600000,2025-10-29 06:00:00+00:00,AAVEUSDT,229.96,230.26,228.91,229.31,1066.8665629061097,244643.17154,3579
1761721200000,2025-10-29 07:00:00+00:00,AAVEUSDT,229.3,230.34,228.87,229.8,1462.1865473455177,336010.46858,3912
1761724800000,2025-10-29 08:00:00+00:00,AAVEUSDT,229.79,230.07,227.73,228.02,2130.5151972195417,485800.07527,5022
1761728400000,2025-10-29 09:00:00+00:00,AAVEUSDT,228.03,228.22,227.14,227.14,2908.552150215726,660648.5354,6471
1761732000000,2025-10-29 10:00:00+00:00,AAVEUSDT,227.15,228.89,226.82,227.5,3098.1780550329668,704835.50752,7542
1761735600000,2025-10-29 11:00:00+00:00,AAVEUSDT,227.5,231.76,227.32,231.29,6140.392284880453,1420211.33157,11365
1761739200000,2025-10-29 12:00:00+00:00,AAVEUSDT,231.28,231.84,230.22,230.54,1235.0537546629653,284729.2926,4875
1761742800000,2025-10-29 13:00:00+00:00,AAVEUSDT,230.54,232.51,229.44,230.18,5031.457629463898,1158140.91715,12165
1761746400000,2025-10-29 14:00:00+00:00,AAVEUSDT,230.18,230.35,228.05,229.94,2923.8903250848048,672319.34135,9418
1761750000000,2025-10-29 15:00:00+00:00,AAVEUSDT,229.93,230.38,226.0,227.37,4725.775345648063,1074499.54034,12198
1761753600000,2025-10-29 16:00:00+00:00,AAVEUSDT,227.36,229.29,226.18,228.13,5291.978051681059,1207258.95293,12619
1761757200000,2025-10-29 17:00:00+00:00,AAVEUSDT,228.14,233.4,226.76,232.98,7219.775742209632,1682063.35242,15047
1761760800000,2025-10-29 18:00:00+00:00,AAVEUSDT,232.97,233.14,221.94,229.14,29122.689749585406,6673173.12922,65370
1761764400000,2025-10-29 19:00:00+00:00,AAVEUSDT,229.13,232.54,227.44,230.33,6774.159235531628,1560292.09672,28390
1761768000000,2025-10-29 20:00:00+00:00,AAVEUSDT,230.34,235.36,229.07,234.53,11228.544831620688,2633430.61936,21528
1761771600000,2025-10-29 21:00:00+00:00,AAVEUSDT,234.53,235.13,233.07,233.52,4075.558960602946,951724.52848,6382
1761775200000,2025-10-29 22:00:00+00:00,AAVEUSDT,233.52,233.76,231.08,231.58,2523.3845926677604,584365.40397,7325
1761778800000,2025-10-29 23:00:00+00:00,AAVEUSDT,231.56,231.57,226.52,227.63,4223.7686307604445,961456.45342,10899
1761786000000,2025-10-30 01:00:00+00:00,AAVEUSDT,229.54,230.15,227.8,229.18,2041.7992469674489,467939.55142,9710
1761789600000,2025-10-30 02:00:00+00:00,AAVEUSDT,229.19,231.24,228.7,230.32,2158.7708745658215,497208.10783,7810
1761793200000,2025-10-30 03:00:00+00:00,AAVEUSDT,230.36,230.42,227.83,228.75,2419.644420983607,553493.6613,8656
1761796800000,2025-10-30 04:00:00+00:00,AAVEUSDT,228.73,228.73,219.52,223.17,13983.567899807322,3120712.8482,36706
1761800400000,2025-10-30 05:00:00+00:00,AAVEUSDT,223.16,228.76,222.78,228.35,16888.712325290126,3856537.45948,23979
1761804000000,2025-10-30 06:00:00+00:00,AAVEUSDT,228.34,230.41,226.94,227.67,14923.714268634429,3397682.02754,18068
1761807600000,2025-10-30 07:00:00+00:00,AAVEUSDT,227.67,230.37,227.37,229.91,4350.112826801792,1000134.44001,11137
1761811200000,2025-10-30 08:00:00+00:00,AAVEUSDT,229.9,230.19,227.16,227.19,5787.978278973546,1314970.7852,12357
1761814800000,2025-10-30 09:00:00+00:00,AAVEUSDT,227.19,227.52,225.01,225.26,2988.375610672112,673161.49006,7232
1761818400000,2025-10-30 10:00:00+00:00,AAVEUSDT,225.25,225.93,223.88,224.33,3990.112210404315,895101.87216,9207
1761822000000,2025-10-30 11:00:00+00:00,AAVEUSDT,224.33,224.93,223.0,223.07,2846.5610642399247,634982.3766,7876
1761825600000,2025-10-30 12:00:00+00:00,AAVEUSDT,223.07,223.39,217.91,219.44,8051.588756106453,1766840.63664,22621
1761829200000,2025-10-30 13:00:00+00:00,AAVEUSDT,219.43,220.75,214.21,215.13,13562.435391995537,2917686.72588,28912
1761832800000,2025-10-30 14:00:00+00:00,AAVEUSDT,215.14,216.62,214.3,215.61,5998.539986596168,1293345.20651,20015
1761836400000,2025-10-30 15:00:00+00:00,AAVEUSDT,215.6,216.21,212.53,212.93,6575.488979429859,1400118.86839,19224
1761840000000,2025-10-30 16:00:00+00:00,AAVEUSDT,212.92,214.6,212.15,213.93,4860.77678076941,1039865.97671,12185
1761843600000,2025-10-30 17:00:00+00:00,AAVEUSDT,213.93,213.98,209.41,212.52,6456.4934435817795,1372133.98663,17786
1761847200000,2025-10-30 18:00:00+00:00,AAVEUSDT,212.52,212.61,209.12,209.47,2185.004581181076,457692.90962,8771
1761850800000,2025-10-30 19:00:00+00:00,AAVEUSDT,209.47,210.32,207.51,208.17,4123.528908488255,858395.01288,15545
1761854400000,2025-10-30 20:00:00+00:00,AAVEUSDT,208.16,211.74,207.4,211.59,6083.698342643792,1287249.73232,16423
1761858000000,2025-10-30 21:00:00+00:00,AAVEUSDT,211.59,213.04,210.49,212.57,2483.9915347885403,528022.08055,5403
1761861600000,2025-10-30 22:00:00+00:00,AAVEUSDT,212.58,213.61,212.29,213.6,3115.0614614700376,665377.12817,7552
1761865200000,2025-10-30 23:00:00+00:00,AAVEUSDT,213.61,215.33,213.07,215.14,2967.306240122711,638386.2645,7522
1761872400000,2025-10-31 01:00:00+00:00,AAVEUSDT,216.88,219.09,216.62,219.07,4443.091954854613,973348.15455,9123
1761876000000,2025-10-31 02:00:00+00:00,AAVEUSDT,219.07,219.27,215.76,216.87,3069.03152211002,665580.8662,9533
1761879600000,2025-10-31 03:00:00+00:00,AAVEUSDT,216.88,218.16,216.32,217.57,2000.7863949533485,435311.09595,6477
1761883200000,2025-10-31 04:00:00+00:00,AAVEUSDT,217.57,219.85,217.39,219.44,4789.50302009661,1051008.54273,9918
1761886800000,2025-10-31 05:00:00+00:00,AAVEUSDT,219.41,219.59,218.67,219.2,1432.6294552463505,314032.37659,3922
1761890400000,2025-10-31 06:00:00+00:00,AAVEUSDT,219.21,219.49,217.15,217.89,1528.611864702373,333069.2392,4635
1761894000000,2025-10-31 07:00:00+00:00,AAVEUSDT,217.9,218.45,216.57,217.23,1368.3309828292595,297242.5394,4705
1761897600000,2025-10-31 08:00:00+00:00,AAVEUSDT,217.23,218.07,216.32,218.05,1849.3959191928457,403260.78018,5476
1761901200000,2025-10-31 09:00:00+00:00,AAVEUSDT,218.04,218.57,217.44,218.1,1657.1321271435122,361420.51693,4494
1761904800000,2025-10-31 10:00:00+00:00,AAVEUSDT,218.11,219.33,217.86,217.94,1066.5972247407542,232454.19916,3984
1761908400000,2025-10-31 11:00:00+00:00,AAVEUSDT,217.95,220.07,217.09,219.93,1932.0504284999772,424915.85074,6267
1761912000000,2025-10-31 12:00:00+00:00,AAVEUSDT,219.92,220.95,218.01,218.01,2744.5381652676483,598336.76541,7937
1761915600000,2025-10-31 13:00:00+00:00,AAVEUSDT,218.01,219.92,217.28,219.09,3362.8327098909126,736763.01841,9866
1761919200000,2025-10-31 14:00:00+00:00,AAVEUSDT,219.1,220.75,217.98,220.38,3610.6925746437973,795724.4296,11491
1761922800000,2025-10-31 15:00:00+00:00,AAVEUSDT,220.38,221.1,218.0,218.59,12393.39368488952,2709071.92558,11460
1761926400000,2025-10-31 16:00:00+00:00,AAVEUSDT,218.58,218.82,213.96,214.16,5124.583165203586,1097480.73066,12082
1761930000000,2025-10-31 17:00:00+00:00,AAVEUSDT,214.15,215.35,212.31,214.4,4926.177118656717,1056172.37424,14699
1761933600000,2025-10-31 18:00:00+00:00,AAVEUSDT,214.39,217.11,213.78,216.32,6010.303288369083,1300148.80734,13151
1761937200000,2025-10-31 19:00:00+00:00,AAVEUSDT,216.32,234.67,215.01,233.62,44199.85610277373,10325970.38273,81566
1761940800000,2025-10-31 20:00:00+00:00,AAVEUSDT,233.61,235.7,230.72,231.75,18908.281741747574,4381994.29365,45888
1761944400000,2025-10-31 21:00:00+00:00,AAVEUSDT,231.74,232.88,229.85,231.0,7325.000403290043,1692075.09316,13106
1761948000000,2025-10-31 22:00:00+00:00,AAVEUSDT,231.03,231.96,229.54,230.34,3190.8892544933574,734989.43088,9682
1761951600000,2025-10-31 23:00:00+00:00,AAVEUSDT,230.34,230.68,228.18,228.45,5697.348837032174,1301559.34182,8261
1761958800000,2025-11-01 01:00:00+00:00,AAVEUSDT,227.38,228.71,226.35,226.44,1987.0749888712241,449953.26048,5010
1761962400000,2025-11-01 02:00:00+00:00,AAVEUSDT,226.43,228.04,225.31,227.5,4581.365064087912,1042260.55208,6164
1761966000000,2025-11-01 03:00:00+00:00,AAVEUSDT,227.5,229.1,227.35,228.14,4021.439507758394,917451.2093,6305
1761969600000,2025-11-01 04:00:00+00:00,AAVEUSDT,228.13,228.14,226.05,226.45,3526.0766471627294,798480.05675,6155
1761973200000,2025-11-01 05:00:00+00:00,AAVEUSDT,226.45,227.17,225.58,225.82,1834.044594190063,414163.95026,4119
1761976800000,2025-11-01 06:00:00+00:00,AAVEUSDT,225.83,226.37,225.23,225.96,1664.4328028412106,376095.23613,4230
1761980400000,2025-11-01 07:00:00+00:00,AAVEUSDT,225.97,226.99,224.94,226.57,1498.753278545262,339572.53032,5087
1761984000000,2025-11-01 08:00:00+00:00,AAVEUSDT,226.57,227.01,225.78,226.97,2113.0333917698376,479595.18893,5928
1761987600000,2025-11-01 09:00:00+00:00,AAVEUSDT,226.98,227.29,225.51,225.7,1537.3123175011078,346971.39006,4634
1761991200000,2025-11-01 10:00:00+00:00,AAVEUSDT,225.72,226.37,225.43,225.69,1622.4354318312728,366167.45261,3770
1761994800000,2025-11-01 11:00:00+00:00,AAVEUSDT,225.7,226.47,224.82,225.32,1083.6942834191373,244177.99594,3338
1761998400000,2025-11-01 12:00:00+00:00,AAVEUSDT,225.32,225.84,224.93,224.98,1149.3965750288914,258591.24145,3501
1762002000000,2025-11-01 13:00:00+00:00,AAVEUSDT,224.99,225.45,223.14,223.82,3334.8460041998032,746405.23266,6766
1762005600000,2025-11-01 14:00:00+00:00,AAVEUSDT,223.83,224.08,221.71,222.44,4621.993678924654,1028116.27394,8975
1762009200000,2025-11-01 15:00:00+00:00,AAVEUSDT,222.44,223.73,221.82,222.76,10217.28102042557,2276001.52011,8867
1762012800000,2025-11-01 16:00:00+00:00,AAVEUSDT,222.76,223.95,222.13,223.52,2000.9690243378668,447256.59632,6609
1762016400000,2025-11-01 17:00:00+00:00,AAVEUSDT,223.52,223.64,222.2,222.51,1468.4721568918253,326749.73963,5294
1762020000000,2025-11-01 18:00:00+00:00,AAVEUSDT,222.51,223.09,222.05,223.05,800.0409513561981,178449.1342,3488
1762023600000,2025-11-01 19:00:00+00:00,AAVEUSDT,223.04,223.43,222.26,223.43,1021.8653343776574,228315.37166,3070
1762027200000,2025-11-01 20:00:00+00:00,AAVEUSDT,223.44,224.87,223.28,224.16,2240.0272702087796,502124.51289,4370
1762030800000,2025-11-01 21:00:00+00:00,AAVEUSDT,224.15,224.23,221.36,221.55,1735.423792281652,384483.14118,2650
1762034400000,2025-11-01 22:00:00+00:00,AAVEUSDT,221.55,222.98,221.51,222.58,1575.1044672028033,350586.75231,4179
1762038000000,2025-11-01 23:00:00+00:00,AAVEUSDT,222.57,223.2,222.4,222.96,1145.6998166487263,255445.23112,2753
1762045200000,2025-11-02 01:00:00+00:00,AAVEUSDT,222.55,223.58,222.16,222.82,1898.1627612422583,422948.62646,4077
1762048800000,2025-11-02 02:00:00+00:00,AAVEUSDT,222.82,224.32,222.58,222.99,1440.0144603793892,321108.82452,4217
1762052400000,2025-11-02 03:00:00+00:00,AAVEUSDT,222.99,223.16,222.04,222.63,955.5276244890626,212729.11504,3156
1762056000000,2025-11-02 04:00:00+00:00,AAVEUSDT,222.64,225.33,222.37,224.87,1400.6789686930226,314970.67969,5128
1762059600000,2025-11-02 05:00:00+00:00,AAVEUSDT,224.87,225.42,223.98,225.34,1020.7558781397,230017.12958,4361
1762063200000,2025-11-02 06:00:00+00:00,AAVEUSDT,225.33,226.19,224.94,226.1,1497.3396014595312,338548.48389,4645
1762066800000,2025-11-02 07:00:00+00:00,AAVEUSDT,226.09,226.69,225.41,226.01,2030.788795672758,458978.57571,4600
1762070400000,2025-11-02 08:00:00+00:00,AAVEUSDT,226.01,226.26,224.11,224.61,1419.331466675571,318796.04073,4428
1762074000000,2025-11-02 09:00:00+00:00,AAVEUSDT,224.6,225.45,222.78,223.05,1908.2584251064782,425637.04172,6327
1762077600000,2025-11-02 10:00:00+00:00,AAVEUSDT,223.04,223.36,220.2,221.45,5425.132948656582,1201395.69148,10384
1762081200000,2025-11-02 11:00:00+00:00,AAVEUSDT,221.45,223.92,221.34,223.81,2523.132628211429,564702.31352,7017
1762084800000,2025-11-02 12:00:00+00:00,AAVEUSDT,223.83,224.19,222.9,223.36,1672.5467761909024,373580.04793,5103
1762088400000,2025-11-02 13:00:00+00:00,AAVEUSDT,223.37,223.46,220.89,221.85,1980.2491255352716,439318.2685,7361
1762092000000,2025-11-02 14:00:00+00:00,AAVEUSDT,221.84,222.27,218.33,220.04,5781.052695282676,1272062.83507,16195
1762095600000,2025-11-02 15:00:00+00:00,AAVEUSDT,220.06,221.4,219.24,220.26,4092.5292839371655,901420.50008,10786
1762099200000,2025-11-02 16:00:00+00:00,AAVEUSDT,220.26,237.07,218.77,230.15,53226.783615207474,12250144.24904,103202
1762102800000,2025-11-02 17:00:00+00:00,AAVEUSDT,230.13,230.19,226.79,228.02,5574.05122471713,1270995.16026,14930
1762106400000,2025-11-02 18:00:00+00:00,AAVEUSDT,228.03,228.22,226.36,226.44,2911.8481216657833,659358.88867,8338
1762110000000,2025-11-02 19:00:00+00:00,AAVEUSDT,226.44,227.11,224.58,224.98,2907.9834389723533,654238.1141,7857
1762113600000,2025-11-02 20:00:00+00:00,AAVEUSDT,224.98,226.04,224.61,224.8,1208.4094645017792,271650.44762,5028
1762117200000,2025-11-02 21:00:00+00:00,AAVEUSDT,224.79,226.86,224.47,226.49,1840.6021299836636,416877.97642,4832
1762120800000,2025-11-02 22:00:00+00:00,AAVEUSDT,226.5,227.12,223.98,225.4,3972.3255219165926,895362.17264,5302
1762124400000,2025-11-02 23:00:00+00:00,AAVEUSDT,225.41,231.74,225.41,231.37,5987.082,1371138.81046,11237
1762128000000,2025-11-03 00:00:00+00:00,AAVEUSDT,231.36,233.01,229.5,229.84,22755.307,5274466.5787,24631
1762131600000,2025-11-03 01:00:00+00:00,AAVEUSDT,229.84,230.73,225.5,225.92,9822.381,2247619.27811,19484
1762135200000,2025-11-03 02:00:00+00:00,AAVEUSDT,225.9,226.59,223.17,224.16,6925.699,1555694.05846,18620
1762138800000,2025-11-03 03:00:00+00:00,AAVEUSDT,224.18,224.65,216.47,216.92,11212.243,2464149.01894,27332
1762142400000,2025-11-03 04:00:00+00:00,AAVEUSDT,216.92,217.09,215.23,216.71,4602.473,994022.64836,15437
1762146000000,2025-11-03 05:00:00+00:00,AAVEUSDT,216.7,219.41,213.7,213.7,6757.241,1464746.81971,16262
1762149600000,2025-11-03 06:00:00+00:00,AAVEUSDT,213.7,214.12,208.99,210.46,8594.139,1817664.9964,19929
1762153200000,2025-11-03 07:00:00+00:00,AAVEUSDT,210.47,213.26,209.46,212.02,6154.398,1301761.12586,18213
1762156800000,2025-11-03 08:00:00+00:00,AAVEUSDT,212.01,212.99,210.07,211.61,3585.886,759006.76969,12706
1762160400000,2025-11-03 09:00:00+00:00,AAVEUSDT,211.61,215.35,211.04,211.5,6601.257,1407009.55379,17153
1762164000000,2025-11-03 10:00:00+00:00,AAVEUSDT,211.5,213.28,208.93,210.0,5850.538,1235742.60362,14388
1762167600000,2025-11-03 11:00:00+00:00,AAVEUSDT,210.01,215.2,210.01,214.09,9026.262,1923532.29213,17836
1762171200000,2025-11-03 12:00:00+00:00,AAVEUSDT,214.08,215.58,213.14,213.63,4540.118,972057.42301,10313
1762174800000,2025-11-03 13:00:00+00:00,AAVEUSDT,213.6,214.92,212.76,213.25,3705.539,791968.37548,10039
1762178400000,2025-11-03 14:00:00+00:00,AAVEUSDT,213.25,215.02,211.75,211.95,2828.578,602813.02682,7621
